,Timestamp,Year,Height,Gender,HairColour,AgeCat,ArmsFolding,BirthMonth,DietType,DietChild1,DietChild2,DietChild3,TheatreSection,HoursSleep,ShoeSize,Upbringing,AllienSize,IQ,PreferredColour,Travel,ExpenseContrib,DreamPartner,Mother,Father,BeethovEvol,Temperament,times,Year,AgeNumeric,Diet1.HiFat,Diet1.HiCarb,Diet1.HiSug,Diet1.HiProt,Diet1.Bal,AgeCont,tss,BirthMonth.Cont,BirthMonth.Nepal
1,09/09/2019 14:53,2019,168,Female,dyed / other,3 (22 yo),Right,Jul,Omnivore,balanced,medium calories,very healthy,Centre,7,6,average,0.5,above,violet,motored,100,175,about average,above average,experimental,extravert,09/09/2019 15:53,2019,3,FALSE,FALSE,FALSE,FALSE,TRUE,3,-33264548,7,9
2,09/09/2019 14:54,2019,158,Female,true Brown,1 (20 years old or below),Left,Dec,Omnivore,carbs,medium calories,normal,Left,10,2.5,average,4.00E-06,below,orange,non-motored wheels,50,175,about average,about average,Afrobeat,extravert,09/09/2019 15:54,2019,1,FALSE,TRUE,FALSE,FALSE,FALSE,1,-33264488,12,2
3,09/09/2019 14:55,2019,190,Male,dyed / other,1 (20 years old or below),Right,Mar,Omnivore,carbs,medium calories,normal,Left,10,11,wealthy,180,below,violet,foot,10,180,about average,about average,experimental,introvert,09/09/2019 15:55,2019,1,FALSE,TRUE,FALSE,FALSE,FALSE,1,-33264428,3,5
4,09/09/2019 14:55,2019,160,Female,dyed / other,1 (20 years old or below),Left,Feb,Omnivore,fat/prot/balanced,medium calories,normal,Centre,10,4,average,5.00E-06,above,red,non-motored wheels,80,175,below average,below average,experimental,introvert,09/09/2019 15:55,2019,1,TRUE,FALSE,FALSE,TRUE,TRUE,1,-33264428,2,4
5,09/09/2019 14:55,2019,170,Female,true Blonde,5 (24 yo),Left,Mar,Vegetarian,carbs,medium calories,normal,Centre,14,6.5,low income,1673,above,green,foot,100,188,about average,above average,experimental,introvert,09/09/2019 15:55,2019,5,FALSE,TRUE,FALSE,FALSE,FALSE,5,-33264428,3,5
6,09/09/2019 14:55,2019,157,Female,true Brown,6 (25 yo),Left,Aug,Vegetarian,fat/carbs/sugar,high calories,not very healthy,Left,8,3.5,low income,5,below,orange,non-motored wheels,60,178,about average,about average,classical,introvert,09/09/2019 15:55,2019,6,TRUE,TRUE,TRUE,FALSE,FALSE,6,-33264428,8,10
7,09/09/2019 14:55,2019,168,Female,true Brown,1 (20 years old or below),Right,May,Omnivore,balanced,medium calories,normal,Left,9,6,average,107,above,indigo,foot,0,180,about average,about average,Afrobeat,introvert,09/09/2019 15:55,2019,1,FALSE,FALSE,FALSE,FALSE,TRUE,1,-33264428,5,7
8,09/09/2019 14:55,2019,182,Male,true Brown,2 (21 yo),Right,Sept,Omnivore,balanced,medium calories,normal,Right,8,9.5,wealthy,0.1,below,green,foot,100,184,about average,about average,electro / pop,extravert,09/09/2019 15:55,2019,2,FALSE,FALSE,FALSE,FALSE,TRUE,2,-33264428,9,11
9,09/09/2019 14:55,2019,176,Male,true Brown,1 (20 years old or below),Right,Apr,Vegetarian,balanced,high calories,normal,Centre,6,10.5,wealthy,1,above,green,motored,20,170,about average,above average,experimental,introvert,09/09/2019 15:55,2019,1,FALSE,FALSE,FALSE,FALSE,TRUE,1,-33264428,4,6
10,09/09/2019 14:55,2019,173,Female,dyed / other,2 (21 yo),Left,Oct,Vegetarian,carbs,high calories,normal,Right,6,6,average,0.5,below,yellow,motored,0,190,about average,about average,classical,introvert,09/09/2019 15:55,2019,2,FALSE,TRUE,FALSE,FALSE,FALSE,2,-33264428,10,12
11,09/09/2019 14:55,2019,165,Female,true Brown,2 (21 yo),Left,Jun,Omnivore,carbs,medium calories,normal,Centre,7,6.5,average,0.53,above,blue,foot,67,195,about average,above average,experimental,introvert,09/09/2019 15:55,2019,2,FALSE,TRUE,FALSE,FALSE,FALSE,2,-33264428,6,8
12,09/09/2019 14:55,2019,177,Male,true Brown,5 (24 yo),Right,Apr,Omnivore,balanced,medium calories,normal,Centre,10,8,average,170,below,violet,foot,0,165,about average,about average,experimental,introvert,09/09/2019 15:55,2019,5,FALSE,FALSE,FALSE,FALSE,TRUE,5,-33264428,4,6
13,09/09/2019 14:55,2019,160,Female,true Blonde,1 (20 years old or below),Left,Oct,Omnivore,balanced,medium calories,normal,Right,8,5,average,100,below,blue,motored,0,180,above average,above average,electro / pop,extravert,09/09/2019 15:55,2019,1,FALSE,FALSE,FALSE,FALSE,TRUE,1,-33264428,10,12
14,09/09/2019 14:56,2019,172,Male,true Blonde,2 (21 yo),Left,Jun,Omnivore,balanced,medium calories,normal,Centre,8.5,8,wealthy,130,above,green,foot,30,170,above average,below average,classical,extravert,09/09/2019 15:56,2019,2,FALSE,FALSE,FALSE,FALSE,TRUE,2,-33264368,6,8
15,09/09/2019 14:56,2019,160.02,Female,true Blonde,2 (21 yo),Right,Sept,Omnivore,balanced,medium calories,normal,Centre,7,6,average,150,above,blue,foot,100,182.88,above average,above average,experimental,extravert,09/09/2019 15:56,2019,2,FALSE,FALSE,FALSE,FALSE,TRUE,2,-33264368,9,11
16,09/09/2019 14:56,2019,196,Male,true Brown,7 (26 yo or above),Left,May,Omnivore,carbs/sugar,high calories,normal,Left,9,13,low income,1,above,orange,foot,100,170,above average,above average,experimental,introvert,09/09/2019 15:56,2019,7,FALSE,TRUE,TRUE,FALSE,FALSE,7,-33264368,5,7
17,09/09/2019 14:56,2019,178,Male,true Brown,3 (22 yo),Left,Aug,Omnivore,balanced,medium calories,normal,Centre,8,8,average,309,above,blue,foot,50,172,below average,about average,experimental,introvert,09/09/2019 15:56,2019,3,FALSE,FALSE,FALSE,FALSE,TRUE,3,-33264368,8,10
18,09/09/2019 14:56,2019,172,Female,true Brown,2 (21 yo),Right,Nov,Omnivore,carbs/balanced,medium calories,normal,Centre,8,6,average,60,above,green,foot,0,185,below average,about average,experimental,introvert,09/09/2019 15:56,2019,2,FALSE,TRUE,FALSE,FALSE,TRUE,2,-33264368,11,1
19,09/09/2019 14:56,2019,173,Female,dyed / other,2 (21 yo),Left,Jul,Omnivore,prot/balanced,medium calories,normal,Centre,9,5,low income,150,above,yellow,foot,100,185,above average,about average,experimental,introvert,09/09/2019 15:56,2019,2,FALSE,FALSE,FALSE,TRUE,TRUE,2,-33264368,7,9
20,09/09/2019 14:57,2019,172,Female,true Blonde,2 (21 yo),Right,Sept,Omnivore,carbs,medium calories,normal,Centre,6,5,wealthy,30,above,violet,foot,100,178,about average,about average,experimental,extravert,09/09/2019 15:57,2019,2,FALSE,TRUE,FALSE,FALSE,FALSE,2,-33264308,9,11
21,09/09/2019 14:58,2019,174,Male,true Brown,3 (22 yo),Right,Oct,Omnivore,carbs/balanced,medium calories,normal,Centre,8,8,wealthy,0.3,above,red,foot,3,160,about average,above average,electro / pop,introvert,09/09/2019 15:58,2019,3,FALSE,TRUE,FALSE,FALSE,TRUE,3,-33264248,10,12
22,09/09/2019 14:58,2019,176,Female,true Brown,2 (21 yo),Right,Apr,Omnivore,balanced,medium calories,normal,Right,8,7,average,2,below,violet,non-motored wheels,100,190.5,above average,above average,classical,extravert,09/09/2019 15:58,2019,2,FALSE,FALSE,FALSE,FALSE,TRUE,2,-33264248,4,6
23,09/09/2019 14:59,2019,179.8,Female,true Blonde,1 (20 years old or below),Right,Jul,Vegetarian,balanced,medium calories,normal,Centre,7,7,wealthy,100,below,green,foot,50,183,about average,about average,classical,extravert,09/09/2019 15:59,2019,1,FALSE,FALSE,FALSE,FALSE,TRUE,1,-33264188,7,9
24,09/09/2019 14:59,2019,168,Female,true Blonde,3 (22 yo),Left,May,Omnivore,fat/carbs/prot/balanced,high calories,normal,Left,8,7,average,100,above,blue,foot,99,190,about average,about average,classical,introvert,09/09/2019 15:59,2019,3,TRUE,TRUE,FALSE,TRUE,TRUE,3,-33264188,5,7
25,09/09/2019 15:00,2019,172,Female,true Brown,1 (20 years old or below),Left,Oct,Omnivore,balanced,medium calories,normal,Centre,6,7.5,average,180,below,blue,motored,50,180,about average,below average,experimental,introvert,09/09/2019 16:00,2019,1,FALSE,FALSE,FALSE,FALSE,TRUE,1,-33264128,10,12
26,09/09/2019 15:00,2019,161,Female,true Brown,1 (20 years old or below),Left,Oct,Omnivore,carbs/balanced,medium calories,normal,Right,8,5,average,0.5,below,violet,foot,100,182,about average,below average,experimental,extravert,09/09/2019 16:00,2019,1,FALSE,TRUE,FALSE,FALSE,TRUE,1,-33264128,10,12
27,09/09/2019 15:01,2019,168,Female,dyed / other,1 (20 years old or below),Right,May,Omnivore,balanced,low calories,normal,Centre,8,6,low income,140,below,violet,motored,100,182,about average,about average,Afrobeat,introvert,09/09/2019 16:01,2019,1,FALSE,FALSE,FALSE,FALSE,TRUE,1,-33264068,5,7
28,09/09/2019 15:01,2019,167,Female,dyed / other,1 (20 years old or below),Left,Jul,Vegetarian,balanced,medium calories,normal,Right,9,6.5,low income,0.05,below,red,foot,100,182,above average,below average,Afrobeat,extravert,09/09/2019 16:01,2019,1,FALSE,FALSE,FALSE,FALSE,TRUE,1,-33264068,7,9
29,09/09/2019 15:04,2019,177,Female,true Brown,2 (21 yo),Right,Dec,Vegetarian,balanced,medium calories,normal,Centre,6.5,6,low income,3,below,green,foot,100,190,about average,about average,classical,introvert,09/09/2019 16:04,2019,2,FALSE,FALSE,FALSE,FALSE,TRUE,2,-33263888,12,2
30,09/09/2019 15:08,2019,190.5,Male,true Brown,1 (20 years old or below),Right,Dec,Omnivore,balanced,medium calories,very healthy,Centre,11,12,average,1.00E-05,below,green,foot,100,162,about average,above average,electro / pop,introvert,09/09/2019 16:08,2019,1,FALSE,FALSE,FALSE,FALSE,TRUE,1,-33263648,12,2
31,09/09/2019 15:15,2019,185.42,Male,true Brown,1 (20 years old or below),Right,Dec,Omnivore,carbs/prot/balanced,high calories,normal,Right,9,11,average,150,above,green,foot,50,167.64,about average,above average,experimental,introvert,09/09/2019 16:15,2019,1,FALSE,TRUE,FALSE,TRUE,TRUE,1,-33263228,12,2
32,09/09/2019 15:16,2019,175,Female,true Brown,2 (21 yo),Left,Mar,Omnivore,carbs/prot/balanced,medium calories,normal,Centre,14,5,average,150,below,blue,foot,60,180,about average,about average,classical,introvert,09/09/2019 16:16,2019,2,FALSE,TRUE,FALSE,TRUE,TRUE,2,-33263168,3,5
33,09/09/2019 15:22,2019,172,Male,true Blonde,2 (21 yo),Left,Jun,Omnivore,balanced,medium calories,normal,Centre,8.5,8,wealthy,130,above,green,foot,30,170,above average,below average,classical,extravert,09/09/2019 16:22,2019,2,FALSE,FALSE,FALSE,FALSE,TRUE,2,-33262808,6,8
34,09/09/2019 15:34,2019,165,Female,true Blonde,1 (20 years old or below),Right,Apr,Vegetarian,prot/balanced,medium calories,very healthy,Centre,8,6,average,0.5,above,indigo,foot,50,160,about average,below average,experimental,introvert,09/09/2019 16:34,2019,1,FALSE,FALSE,FALSE,TRUE,TRUE,1,-33262088,4,6
35,09/09/2019 15:34,2019,171,Male,true Blonde,1 (20 years old or below),Right,Sept,Omnivore,balanced,medium calories,normal,Right,7,7,average,3.00E-04,above,red,foot,100,165,about average,below average,experimental,introvert,09/09/2019 16:34,2019,1,FALSE,FALSE,FALSE,FALSE,TRUE,1,-33262088,9,11
36,09/09/2019 15:36,2019,168,Male,true Blonde,2 (21 yo),Right,Feb,Omnivore,balanced,high calories,very healthy,Right,8,8,wealthy,230,above,blue,motored,0,165,about average,below average,experimental,extravert,09/09/2019 16:36,2019,2,FALSE,FALSE,FALSE,FALSE,TRUE,2,-33261968,2,4
37,09/09/2019 15:37,2019,165,Female,true Brown,4 (23 yo),Right,Jul,Omnivore,balanced,medium calories,normal,Centre,9,4,average,50,above,blue,foot,30,180,below average,below average,classical,extravert,09/09/2019 16:37,2019,4,FALSE,FALSE,FALSE,FALSE,TRUE,4,-33261908,7,9
38,09/09/2019 15:38,2019,167,Female,true Brown,1 (20 years old or below),Left,Oct,Omnivore,balanced,medium calories,normal,Centre,9,4,average,1,below,blue,motored,100,188,below average,above average,classical,introvert,09/09/2019 16:38,2019,1,FALSE,FALSE,FALSE,FALSE,TRUE,1,-33261848,10,12
39,09/09/2019 15:38,2019,191,Male,true Black,1 (20 years old or below),Left,Dec,Omnivore,balanced,medium calories,normal,Left,10,7.5,average,0.005,above,blue,non-motored wheels,70,180,below average,about average,classical,introvert,09/09/2019 16:38,2019,1,FALSE,FALSE,FALSE,FALSE,TRUE,1,-33261848,12,2
40,09/09/2019 15:45,2019,168,Female,true Brown,2 (21 yo),Left,Mar,Vegetarian,balanced,medium calories,normal,Right,8,6,average,150,above,red,foot,0,190,about average,below average,experimental,introvert,09/09/2019 16:45,2019,2,FALSE,FALSE,FALSE,FALSE,TRUE,2,-33261428,3,5
41,09/09/2019 15:46,2019,175,Male,true Blonde,4 (23 yo),Left,May,Omnivore,fat,high calories,normal,Centre,8.5,7.5,average,1.2,below,blue,non-motored wheels,100,165,below average,above average,experimental,extravert,09/09/2019 16:46,2019,4,TRUE,FALSE,FALSE,FALSE,FALSE,4,-33261368,5,7
42,09/09/2019 15:48,2019,160,Female,true Blonde,1 (20 years old or below),Left,Oct,Vegetarian,balanced,high calories,normal,Right,8,6.5,average,10,below,blue,foot,100,170,below average,about average,experimental,introvert,09/09/2019 16:48,2019,1,FALSE,FALSE,FALSE,FALSE,TRUE,1,-33261248,10,12
43,09/09/2019 15:49,2019,168,Female,true Brown,2 (21 yo),Left,Mar,Vegetarian,balanced,medium calories,normal,Right,8,6,average,150,above,red,foot,0,190,about average,below average,experimental,introvert,09/09/2019 16:49,2019,2,FALSE,FALSE,FALSE,FALSE,TRUE,2,-33261188,3,5
44,09/09/2019 15:53,2019,188,Male,true Blonde,6 (25 yo),Left,Oct,Omnivore,balanced,medium calories,normal,Left,6,11,average,42,below,red,foot,0,170,about average,about average,electro / pop,introvert,09/09/2019 16:53,2019,6,FALSE,FALSE,FALSE,FALSE,TRUE,6,-33260948,10,12
45,09/09/2019 15:55,2019,168,NotSaying,true Brown,2 (21 yo),Right,Mar,Vegetarian,carbs/prot/balanced,high calories,normal,Centre,9,6,low income,175,below,green,motored,100,172,about average,about average,experimental,introvert,09/09/2019 16:55,2019,2,FALSE,TRUE,FALSE,TRUE,TRUE,2,-33260828,3,5
46,09/09/2019 15:56,2019,183,Male,true Brown,1 (20 years old or below),Right,Jan,Omnivore,balanced,medium calories,very healthy,Centre,9.5,11,wealthy,10,below,violet,foot,100,173,about average,about average,classical,extravert,09/09/2019 16:56,2019,1,FALSE,FALSE,FALSE,FALSE,TRUE,1,-33260768,1,3
47,09/09/2019 15:58,2019,169,Female,dyed / other,1 (20 years old or below),Left,Feb,Omnivore,carbs/prot,medium calories,normal,Right,8,6,average,0.001,below,indigo,foot,0,179,below average,about average,electro / pop,introvert,09/09/2019 16:58,2019,1,FALSE,TRUE,FALSE,TRUE,FALSE,1,-33260648,2,4
48,09/09/2019 15:59,2019,177,Male,true Red,1 (20 years old or below),Right,Feb,Omnivore,carbs/balanced,medium calories,normal,Centre,7,9.5,average,0.005,above,blue,foot,50,167,about average,below average,experimental,introvert,09/09/2019 16:59,2019,1,FALSE,TRUE,FALSE,FALSE,TRUE,1,-33260588,2,4
49,09/09/2019 16:01,2019,165,Female,true Brown,3 (22 yo),Left,Oct,Omnivore,balanced,medium calories,normal,Right,8,5,average,150,below,indigo,motored,100,180,below average,about average,classical,introvert,09/09/2019 17:01,2019,3,FALSE,FALSE,FALSE,FALSE,TRUE,3,-33260468,10,12
50,09/09/2019 16:04,2019,173,NotSaying,dyed / other,2 (21 yo),Right,Jun,Vegetarian,balanced,medium calories,very healthy,Right,6,6.5,average,0.007,above,blue,foot,0,179,above average,above average,Afrobeat,introvert,09/09/2019 17:04,2019,2,FALSE,FALSE,FALSE,FALSE,TRUE,2,-33260288,6,8
51,09/09/2019 16:05,2019,172.72,Female,true Brown,1 (20 years old or below),Left,Feb,Omnivore,balanced,medium calories,very healthy,Centre,7,7.5,average,10,above,green,non-motored wheels,100,185.42,about average,about average,classical,extravert,09/09/2019 17:05,2019,1,FALSE,FALSE,FALSE,FALSE,TRUE,1,-33260228,2,4
52,09/09/2019 16:10,2019,172.72,Female,true Brown,1 (20 years old or below),Left,Feb,Omnivore,balanced,medium calories,very healthy,Centre,7,7.5,average,10,above,green,non-motored wheels,100,185.42,about average,about average,classical,extravert,09/09/2019 17:10,2019,1,FALSE,FALSE,FALSE,FALSE,TRUE,1,-33259928,2,4
53,09/09/2019 16:11,2019,156,Female,dyed / other,7 (26 yo or above),Left,May,Vegetarian,sugar,medium calories,not very healthy,Left,8,5,low income,0.01,above,green,foot,100,167,about average,below average,experimental,extravert,09/09/2019 17:11,2019,7,FALSE,FALSE,TRUE,FALSE,FALSE,7,-33259868,5,7
54,09/09/2019 16:17,2019,175,Female,true Brown,1 (20 years old or below),Right,Mar,Omnivore,carbs/sugar/prot,high calories,normal,Centre,6,6,wealthy,300,below,violet,foot,50,185,above average,above average,experimental,introvert,09/09/2019 17:17,2019,1,FALSE,TRUE,TRUE,TRUE,FALSE,1,-33259508,3,5
55,09/09/2019 16:19,2019,193,Male,true Brown,7 (26 yo or above),Left,Jan,Omnivore,fat/carbs/sugar,high calories,not very healthy,Centre,7,10.5,low income,1,above,green,foot,100,110,about average,about average,classical,extravert,09/09/2019 17:19,2019,7,TRUE,TRUE,TRUE,FALSE,FALSE,7,-33259388,1,3
56,09/09/2019 16:19,2019,167,Female,true Brown,2 (21 yo),Right,Oct,Omnivore,balanced,medium calories,very healthy,Right,7,5,average,8,above,orange,non-motored wheels,100,187,above average,above average,experimental,introvert,09/09/2019 17:19,2019,2,FALSE,FALSE,FALSE,FALSE,TRUE,2,-33259388,10,12
57,09/09/2019 16:19,2019,158,Female,true Blonde,1 (20 years old or below),Left,Dec,Omnivore,balanced,medium calories,normal,Centre,9,3.5,wealthy,1,above,indigo,foot,0,185,about average,below average,classical,extravert,09/09/2019 17:19,2019,1,FALSE,FALSE,FALSE,FALSE,TRUE,1,-33259388,12,2
58,09/09/2019 16:19,2019,172,Female,true Blonde,1 (20 years old or below),Right,Mar,Omnivore,balanced,medium calories,normal,Left,8,6.5,average,1.00E-08,above,blue,non-motored wheels,50,187,about average,above average,classical,introvert,09/09/2019 17:19,2019,1,FALSE,FALSE,FALSE,FALSE,TRUE,1,-33259388,3,5
59,09/09/2019 16:20,2019,155,Female,true Black,1 (20 years old or below),Left,Oct,Omnivore,balanced,medium calories,normal,Left,10,5,low income,1.00E-04,above,indigo,foot,100,168,about average,above average,classical,introvert,09/09/2019 17:20,2019,1,FALSE,FALSE,FALSE,FALSE,TRUE,1,-33259328,10,12
60,09/09/2019 16:23,2019,147,Female,true Blonde,7 (26 yo or above),Left,May,Vegetarian,carbs,medium calories,normal,Left,6,5,average,1.00E-05,above,blue,motored,100,167,below average,about average,experimental,introvert,09/09/2019 17:23,2019,7,FALSE,TRUE,FALSE,FALSE,FALSE,7,-33259148,5,7
61,09/09/2019 16:24,2019,168,Female,true Brown,1 (20 years old or below),Right,Aug,Vegetarian,balanced,medium calories,normal,Centre,8,6,average,4,above,yellow,foot,10,175,below average,about average,electro / pop,introvert,09/09/2019 17:24,2019,1,FALSE,FALSE,FALSE,FALSE,TRUE,1,-33259088,8,10
62,09/09/2019 16:29,2019,177,Male,true Brown,1 (20 years old or below),Left,Mar,Omnivore,prot/balanced,high calories,normal,Left,9,9.5,average,0.1,below,blue,foot,0,160,above average,below average,experimental,introvert,09/09/2019 17:29,2019,1,FALSE,FALSE,FALSE,TRUE,TRUE,1,-33258788,3,5
63,09/09/2019 16:32,2019,163,Female,true Brown,1 (20 years old or below),Left,Feb,Vegetarian,balanced,low calories,very healthy,Centre,7,5,low income,2,above,green,foot,100,180,about average,about average,classical,introvert,09/09/2019 17:32,2019,1,FALSE,FALSE,FALSE,FALSE,TRUE,1,-33258608,2,4
64,09/09/2019 16:33,2019,168,Female,true Brown,1 (20 years old or below),Right,Jan,Vegetarian,balanced,medium calories,normal,Centre,7,6.5,low income,0.001,above,blue,motored,100,184,above average,below average,experimental,introvert,09/09/2019 17:33,2019,1,FALSE,FALSE,FALSE,FALSE,TRUE,1,-33258548,1,3
65,09/09/2019 16:42,2019,174,Male,true Brown,1 (20 years old or below),Right,Aug,Omnivore,carbs,medium calories,normal,Centre,8,9.5,low income,174,below,red,foot,0,160,about average,below average,electro / pop,extravert,09/09/2019 17:42,2019,1,FALSE,TRUE,FALSE,FALSE,FALSE,1,-33258008,8,10
66,09/09/2019 16:50,2019,175,Female,true Blonde,2 (21 yo),Right,Mar,Omnivore,carbs,high calories,not very healthy,Centre,8,7.5,average,1.00E-05,above,blue,foot,0,180,above average,above average,classical,introvert,09/09/2019 17:50,2019,2,FALSE,TRUE,FALSE,FALSE,FALSE,2,-33257528,3,5
67,09/09/2019 16:52,2019,168,Female,dyed / other,1 (20 years old or below),Right,Aug,Omnivore,balanced,medium calories,normal,Right,8,6,average,1,above,green,foot,100,190,above average,above average,classical,extravert,09/09/2019 17:52,2019,1,FALSE,FALSE,FALSE,FALSE,TRUE,1,-33257408,8,10
68,09/09/2019 17:07,2019,180,Male,true Brown,1 (20 years old or below),Left,Oct,Omnivore,sugar,low calories,not very healthy,Left,8,8,average,90,below,violet,motored,0,180,about average,about average,classical,introvert,09/09/2019 18:07,2019,1,FALSE,FALSE,TRUE,FALSE,FALSE,1,-33256508,10,12
69,09/09/2019 17:10,2019,163,Female,true Brown,1 (20 years old or below),Right,Mar,Vegetarian,fat/carbs/balanced,high calories,not very healthy,Right,9,5,wealthy,115,below,indigo,motored,0,185,about average,about average,Afrobeat,introvert,09/09/2019 18:10,2019,1,TRUE,TRUE,FALSE,FALSE,TRUE,1,-33256328,3,5
70,09/09/2019 17:19,2019,185,Male,true Brown,2 (21 yo),Left,Feb,Vegetarian,balanced,medium calories,normal,Left,6,11,average,360,above,green,foot,100,160,about average,above average,classical,extravert,09/09/2019 18:19,2019,2,FALSE,FALSE,FALSE,FALSE,TRUE,2,-33255788,2,4
71,09/09/2019 17:20,2019,160,Female,true Brown,1 (20 years old or below),Right,Dec,Omnivore,balanced,high calories,normal,Right,9,4,average,0.1,below,green,foot,60,165,about average,about average,experimental,introvert,09/09/2019 18:20,2019,1,FALSE,FALSE,FALSE,FALSE,TRUE,1,-33255728,12,2
72,09/09/2019 17:20,2019,152,Female,true Blonde,2 (21 yo),Right,Sept,Omnivore,carbs,high calories,not very healthy,Left,10,5,average,1.00E-04,above,yellow,non-motored wheels,0,213,about average,above average,classical,extravert,09/09/2019 18:20,2019,2,FALSE,TRUE,FALSE,FALSE,FALSE,2,-33255728,9,11
73,09/09/2019 17:21,2019,186,Male,true Blonde,1 (20 years old or below),Right,Mar,Vegetarian,fat,high calories,not very healthy,Centre,9,9.5,wealthy,0.1,above,blue,foot,0,177,about average,about average,classical,introvert,09/09/2019 18:21,2019,1,TRUE,FALSE,FALSE,FALSE,FALSE,1,-33255668,3,5
74,09/09/2019 17:23,2019,154.94,Female,true Brown,2 (21 yo),Right,Dec,Omnivore,sugar/balanced,medium calories,normal,Centre,7,4,average,30,below,blue,motored,95,172.72,about average,below average,electro / pop,introvert,09/09/2019 18:23,2019,2,FALSE,FALSE,TRUE,FALSE,TRUE,2,-33255548,12,2
75,09/09/2019 17:23,2019,180,Male,true Red,7 (26 yo or above),Right,Jun,Omnivore,balanced,medium calories,normal,Right,8,9.5,average,0.5,above,blue,foot,100,170,about average,about average,experimental,introvert,09/09/2019 18:23,2019,7,FALSE,FALSE,FALSE,FALSE,TRUE,7,-33255548,6,8
76,09/09/2019 17:24,2019,172,Female,true Blonde,2 (21 yo),Right,Jan,Omnivore,balanced,medium calories,normal,Right,8,5,average,117,above,green,foot,90,190,about average,below average,experimental,introvert,09/09/2019 18:24,2019,2,FALSE,FALSE,FALSE,FALSE,TRUE,2,-33255488,1,3
77,09/09/2019 17:32,2019,176,Female,true Brown,2 (21 yo),Right,Sept,Omnivore,balanced,medium calories,normal,Centre,10,6,average,70,above,green,motored,0,210,below average,about average,Afrobeat,extravert,09/09/2019 18:32,2019,2,FALSE,FALSE,FALSE,FALSE,TRUE,2,-33255008,9,11
78,09/09/2019 17:47,2019,172,Female,dyed / other,2 (21 yo),Left,Mar,Omnivore,fat/prot,high calories,not very healthy,Centre,9,6.5,wealthy,1,below,red,foot,100,182,above average,about average,classical,introvert,09/09/2019 18:47,2019,2,TRUE,FALSE,FALSE,TRUE,FALSE,2,-33254108,3,5
79,09/09/2019 17:52,2019,175,Male,true Brown,1 (20 years old or below),Right,Apr,Omnivore,balanced,medium calories,normal,Centre,10,8,low income,150,below,indigo,non-motored wheels,100,140,below average,about average,experimental,introvert,09/09/2019 18:52,2019,1,FALSE,FALSE,FALSE,FALSE,TRUE,1,-33253808,4,6
80,09/09/2019 17:55,2019,183,Male,true Black,7 (26 yo or above),Left,Mar,Omnivore,balanced,medium calories,normal,Centre,8,9.5,average,150,above,blue,motored,60,160,about average,about average,classical,introvert,09/09/2019 18:55,2019,7,FALSE,FALSE,FALSE,FALSE,TRUE,7,-33253628,3,5
81,09/09/2019 17:58,2019,184,Male,true Red,7 (26 yo or above),Left,Apr,Vegetarian,balanced,medium calories,normal,Right,9,11,average,7000,below,indigo,non-motored wheels,100,171,below average,about average,experimental,extravert,09/09/2019 18:58,2019,7,FALSE,FALSE,FALSE,FALSE,TRUE,7,-33253448,4,6
82,09/09/2019 17:59,2019,173,Female,true Brown,1 (20 years old or below),Left,Dec,Omnivore,carbs,medium calories,normal,Centre,6,5,average,100,below,blue,foot,0,180,above average,above average,classical,introvert,09/09/2019 18:59,2019,1,FALSE,TRUE,FALSE,FALSE,FALSE,1,-33253388,12,2
83,09/09/2019 18:00,2019,117,Female,true Black,7 (26 yo or above),Left,Oct,Omnivore,carbs,medium calories,normal,Left,6,9.5,low income,1,above,blue,foot,100,160,about average,about average,classical,introvert,09/09/2019 19:00,2019,7,FALSE,TRUE,FALSE,FALSE,FALSE,7,-33253328,10,12
84,09/09/2019 18:02,2019,165,Female,dyed / other,5 (24 yo),Left,Apr,Vegetarian,balanced,medium calories,normal,Right,9,7.5,average,1.00E-06,below,green,non-motored wheels,100,163,below average,about average,classical,introvert,09/09/2019 19:02,2019,5,FALSE,FALSE,FALSE,FALSE,TRUE,5,-33253208,4,6
85,09/09/2019 18:06,2019,162,Female,dyed / other,7 (26 yo or above),Right,Aug,Omnivore,carbs,high calories,not very healthy,Centre,8,4,average,150,above,blue,foot,40,185,about average,about average,classical,introvert,09/09/2019 19:06,2019,7,FALSE,TRUE,FALSE,FALSE,FALSE,7,-33252968,8,10
86,09/09/2019 18:06,2019,172,NotSaying,true Brown,4 (23 yo),Right,Nov,Omnivore,balanced,medium calories,normal,Centre,7,8,average,1,above,blue,foot,50,163,below average,about average,classical,introvert,09/09/2019 19:06,2019,4,FALSE,FALSE,FALSE,FALSE,TRUE,4,-33252968,11,1
87,09/09/2019 18:13,2019,166,Female,dyed / other,7 (26 yo or above),Right,Sept,Vegetarian,carbs/sugar,high calories,normal,Right,8,5,low income,0.1,below,blue,foot,60,170,below average,about average,classical,introvert,09/09/2019 19:13,2019,7,FALSE,TRUE,TRUE,FALSE,FALSE,7,-33252548,9,11
88,09/09/2019 18:31,2019,162,Female,dyed / other,4 (23 yo),Left,Sept,Vegetarian,fat/carbs,medium calories,normal,Left,9,5,wealthy,0.1,above,orange,motored,0,188,about average,about average,experimental,introvert,09/09/2019 19:31,2019,4,TRUE,TRUE,FALSE,FALSE,FALSE,4,-33251468,9,11
89,09/09/2019 19:04,2019,155,NotSaying,true Brown,1 (20 years old or below),Right,Mar,Omnivore,balanced,medium calories,normal,Left,8,5,average,1.00E-04,below,green,foot,100,175,below average,below average,experimental,introvert,09/09/2019 20:04,2019,1,FALSE,FALSE,FALSE,FALSE,TRUE,1,-33249488,3,5
90,09/09/2019 19:47,2019,169,Female,dyed / other,1 (20 years old or below),Left,Jun,Vegetarian,carbs,medium calories,normal,Centre,7,6.5,low income,72,above,red,foot,100,180,below average,above average,experimental,extravert,09/09/2019 20:47,2019,1,FALSE,TRUE,FALSE,FALSE,FALSE,1,-33246908,6,8
91,9/28/2020 15:02:08,2020,172,Female,dyed / other,2 (21 yo),Left,Mar,Omnivore,balanced,medium calories,normal,Right,12,5,average,1,above,indigo,foot,100,190,above average,about average,classical,introvert,28/09/2020 16:02,2020,2,FALSE,FALSE,FALSE,FALSE,TRUE,2,0,3,5
92,9/28/2020 15:04:07,2020,160,Female,dyed / other,1 (20 years old or below),Right,Jan,Omnivore,fat/carbs/sugar,high calories,not very healthy,Centre,7,6,wealthy,90,above,green,motored,0,180,below average,about average,experimental,extravert,28/09/2020 16:04,2020,1,TRUE,TRUE,TRUE,FALSE,FALSE,1,119,1,3
93,9/28/2020 15:04:35,2020,182,Male,true Brown,4 (23 yo),Right,Oct,Vegetarian,carbs/sugar/balanced,medium calories,not very healthy,Right,8,9.5,low income,50,above,green,non-motored wheels,100,160,above average,about average,experimental,extravert,28/09/2020 16:04,2020,4,FALSE,TRUE,TRUE,FALSE,TRUE,4,147,10,12
94,9/28/2020 15:05:39,2020,162,Female,dyed / other,1 (20 years old or below),Left,Jan,Omnivore,prot/balanced,medium calories,normal,Left,6,6,average,145,above,indigo,motored,75,186,about average,about average,experimental,introvert,28/09/2020 16:05,2020,1,FALSE,FALSE,FALSE,TRUE,TRUE,1,211,1,3
95,9/28/2020 15:06:07,2020,179,Female,dyed / other,1 (20 years old or below),Left,Jan,Vegetarian,sugar/prot/balanced,high calories,normal,Centre,9,6.5,average,30,below,blue,motored,0,187,above average,about average,experimental,introvert,28/09/2020 16:06,2020,1,FALSE,FALSE,TRUE,TRUE,TRUE,1,239,1,3
96,9/28/2020 15:06:23,2020,158,Female,true Black,2 (21 yo),Left,Jun,Omnivore,carbs/sugar/prot,high calories,not very healthy,Centre,5,6,average,1,below,blue,foot,100,180,about average,about average,electro / pop,introvert,28/09/2020 16:06,2020,2,FALSE,TRUE,TRUE,TRUE,FALSE,2,255,6,8
97,9/28/2020 15:06:45,2020,188,Male,true Brown,1 (20 years old or below),Right,Dec,Omnivore,balanced,medium calories,normal,Left,6,11,average,250,below,violet,foot,40,155,about average,above average,experimental,introvert,28/09/2020 16:06,2020,1,FALSE,FALSE,FALSE,FALSE,TRUE,1,277,12,2
98,9/28/2020 15:07:20,2020,185,Male,true Blonde,1 (20 years old or below),Right,Jun,Omnivore,sugar/balanced,high calories,normal,Right,9,9.5,average,2,below,blue,non-motored wheels,0,172,above average,about average,electro / pop,introvert,28/09/2020 16:07,2020,1,FALSE,FALSE,TRUE,FALSE,TRUE,1,312,6,8
99,9/28/2020 15:08:12,2020,181,Male,true Brown,7 (26 yo or above),Right,Dec,Omnivore,balanced,high calories,not very healthy,Centre,3,8,low income,0.5,above,blue,foot,100,160,above average,above average,experimental,introvert,28/09/2020 16:08,2020,7,FALSE,FALSE,FALSE,FALSE,TRUE,7,364,12,2
100,9/28/2020 15:08:14,2020,175,Female,dyed / other,1 (20 years old or below),Right,Nov,Omnivore,balanced,medium calories,very healthy,Centre,7,7.5,wealthy,100,below,blue,foot,50,190,about average,about average,classical,introvert,28/09/2020 16:08,2020,1,FALSE,FALSE,FALSE,FALSE,TRUE,1,366,11,1
101,9/28/2020 15:08:27,2020,176,Female,true Blonde,1 (20 years old or below),Right,Dec,Omnivore,carbs/balanced,medium calories,normal,Right,8.5,6.5,wealthy,50,above,blue,motored,100,190,above average,above average,experimental,extravert,28/09/2020 16:08,2020,1,FALSE,TRUE,FALSE,FALSE,TRUE,1,379,12,2
102,9/28/2020 15:08:47,2020,173,Female,true Brown,4 (23 yo),Right,Sept,Vegetarian,carbs/sugar/balanced,high calories,normal,Centre,9,7,wealthy,200,above,green,non-motored wheels,100,180,about average,below average,classical,extravert,28/09/2020 16:08,2020,4,FALSE,TRUE,TRUE,FALSE,TRUE,4,399,9,11
103,9/28/2020 15:08:48,2020,174,Male,true Brown,2 (21 yo),Left,Jun,Vegetarian,carbs/prot/balanced,high calories,very healthy,Right,8,9.5,low income,5.00E-04,above,green,non-motored wheels,100,160,below average,about average,classical,introvert,28/09/2020 16:08,2020,2,FALSE,TRUE,FALSE,TRUE,TRUE,2,400,6,8
104,9/28/2020 15:10:18,2020,167,Female,true Brown,4 (23 yo),Left,May,Vegetarian,balanced,medium calories,very healthy,Centre,8,4,average,20,below,green,foot,100,180,above average,about average,experimental,introvert,28/09/2020 16:10,2020,4,FALSE,FALSE,FALSE,FALSE,TRUE,4,490,5,7
105,9/28/2020 15:10:19,2020,169,Female,true Brown,1 (20 years old or below),Right,Mar,Omnivore,carbs/sugar/prot,medium calories,normal,Left,8,6.5,wealthy,60,below,violet,motored,20,195,about average,above average,experimental,extravert,28/09/2020 16:10,2020,1,FALSE,TRUE,TRUE,TRUE,FALSE,1,491,3,5
106,9/28/2020 15:11:04,2020,168,Female,true Brown,1 (20 years old or below),Left,May,Vegetarian,carbs,medium calories,normal,Right,10,6,average,100,above,blue,motored,75,188,about average,about average,classical,introvert,28/09/2020 16:11,2020,1,FALSE,TRUE,FALSE,FALSE,FALSE,1,536,5,7
107,9/28/2020 15:11:35,2020,162,Female,true Brown,5 (24 yo),Right,Aug,Vegetarian,carbs,medium calories,not very healthy,Left,7,6,average,0.01,above,blue,foot,0,180,about average,about average,experimental,introvert,28/09/2020 16:11,2020,5,FALSE,TRUE,FALSE,FALSE,FALSE,5,567,8,10
108,9/28/2020 15:11:55,2020,200,Male,true Brown,2 (21 yo),Left,Sept,Omnivore,balanced,medium calories,normal,Right,9,11,average,2,below,green,foot,100,160,below average,above average,Afrobeat,extravert,28/09/2020 16:11,2020,2,FALSE,FALSE,FALSE,FALSE,TRUE,2,587,9,11
109,9/28/2020 15:12:14,2020,165,Male,true Brown,3 (22 yo),Left,Oct,Omnivore,carbs/sugar/prot,medium calories,normal,Centre,8,7.5,average,150,above,blue,foot,50,160,about average,below average,classical,introvert,28/09/2020 16:12,2020,3,FALSE,TRUE,TRUE,TRUE,FALSE,3,606,10,12
110,9/28/2020 15:12:57,2020,179,Male,true Black,1 (20 years old or below),Left,Nov,Omnivore,balanced,medium calories,normal,Left,8,8,average,200,above,green,foot,50,174,about average,about average,classical,introvert,28/09/2020 16:12,2020,1,FALSE,FALSE,FALSE,FALSE,TRUE,1,649,11,1
111,9/28/2020 15:13:03,2020,165,Female,dyed / other,4 (23 yo),Left,Nov,Vegetarian,carbs,medium calories,normal,Right,7.5,6,average,20,above,red,foot,100,188,below average,above average,classical,introvert,28/09/2020 16:13,2020,4,FALSE,TRUE,FALSE,FALSE,FALSE,4,655,11,1
112,9/28/2020 15:13:07,2020,177,Male,true Red,1 (20 years old or below),Left,Aug,Omnivore,prot,medium calories,normal,Centre,8,13,average,150,above,green,foot,70,180,about average,about average,experimental,extravert,28/09/2020 16:13,2020,1,FALSE,FALSE,FALSE,TRUE,FALSE,1,659,8,10
113,9/28/2020 15:13:19,2020,171,Female,true Brown,3 (22 yo),Left,Dec,Vegetarian,carbs/balanced,medium calories,normal,Centre,9,4,average,0.001,above,green,foot,60,175,below average,above average,classical,introvert,28/09/2020 16:13,2020,3,FALSE,TRUE,FALSE,FALSE,TRUE,3,671,12,2
114,9/28/2020 15:13:20,2020,162.56,Female,true Brown,1 (20 years old or below),Right,Jul,Vegetarian,balanced,high calories,normal,Left,6,5,low income,200,below,blue,foot,100,175,above average,about average,classical,introvert,28/09/2020 16:13,2020,1,FALSE,FALSE,FALSE,FALSE,TRUE,1,672,7,9
115,9/28/2020 15:13:22,2020,173,Male,true Brown,3 (22 yo),Left,Oct,Vegetarian,balanced,medium calories,normal,Left,7,8,average,1.00E-05,above,green,foot,100,160,about average,below average,electro / pop,extravert,28/09/2020 16:13,2020,3,FALSE,FALSE,FALSE,FALSE,TRUE,3,674,10,12
116,9/28/2020 15:13:33,2020,190,Male,dyed / other,2 (21 yo),Right,Jul,Omnivore,balanced,high calories,normal,Right,6,11,wealthy,94,above,blue,motored,0,165,about average,above average,experimental,introvert,28/09/2020 16:13,2020,2,FALSE,FALSE,FALSE,FALSE,TRUE,2,685,7,9
117,9/28/2020 15:13:35,2020,182,Male,true Brown,2 (21 yo),Left,Oct,Omnivore,balanced,medium calories,normal,Centre,4,9.5,wealthy,400,below,green,foot,100,172,about average,above average,classical,introvert,28/09/2020 16:13,2020,2,FALSE,FALSE,FALSE,FALSE,TRUE,2,687,10,12
118,9/28/2020 15:13:45,2020,159.5,Female,true Brown,1 (20 years old or below),Right,Dec,Vegetarian,balanced,low calories,very healthy,Left,8,5,low income,0.001,below,green,foot,10,178,about average,below average,experimental,extravert,28/09/2020 16:13,2020,1,FALSE,FALSE,FALSE,FALSE,TRUE,1,697,12,2
119,9/28/2020 15:13:46,2020,175,Female,dyed / other,1 (20 years old or below),Left,Aug,Vegetarian,fat/carbs/sugar,high calories,not very healthy,Left,10,8,low income,1.00E-04,above,violet,non-motored wheels,100,193,above average,above average,experimental,extravert,28/09/2020 16:13,2020,1,TRUE,TRUE,TRUE,FALSE,FALSE,1,698,8,10
120,9/28/2020 15:13:56,2020,156,Female,true Red,3 (22 yo),Left,Jun,Omnivore,balanced,medium calories,normal,Left,8,6.5,average,5,below,violet,foot,100,193,below average,about average,experimental,extravert,28/09/2020 16:13,2020,3,FALSE,FALSE,FALSE,FALSE,TRUE,3,708,6,8
121,9/28/2020 15:14:10,2020,161,Female,true Brown,1 (20 years old or below),Left,Mar,Vegetarian,carbs/prot,medium calories,not very healthy,Right,8,6,average,1,above,blue,foot,30,168,about average,above average,Afrobeat,introvert,28/09/2020 16:14,2020,1,FALSE,TRUE,FALSE,TRUE,FALSE,1,722,3,5
122,9/28/2020 15:14:12,2020,165,Male,true Brown,2 (21 yo),Left,Apr,Omnivore,balanced,low calories,very healthy,Right,7,7,wealthy,1,above,blue,foot,50,170,below average,about average,experimental,introvert,28/09/2020 16:14,2020,2,FALSE,FALSE,FALSE,FALSE,TRUE,2,724,4,6
123,9/28/2020 15:14:21,2020,175,Female,true Brown,2 (21 yo),Right,Jul,Omnivore,fat/carbs/sugar,medium calories,not very healthy,Centre,10,6.5,wealthy,0.5,below,blue,motored,0,196.85,about average,about average,experimental,introvert,28/09/2020 16:14,2020,2,TRUE,TRUE,TRUE,FALSE,FALSE,2,733,7,9
124,9/28/2020 15:14:27,2020,192,Male,true Red,1 (20 years old or below),Right,Jun,Omnivore,carbs/prot,medium calories,normal,Centre,9,11,low income,200,below,red,foot,100,170,above average,above average,experimental,introvert,28/09/2020 16:14,2020,1,FALSE,TRUE,FALSE,TRUE,FALSE,1,739,6,8
125,9/28/2020 15:14:30,2020,169,Female,true Brown,1 (20 years old or below),Left,Dec,Omnivore,balanced,medium calories,very healthy,Left,9,5,average,20,below,blue,foot,100,188,below average,above average,classical,introvert,28/09/2020 16:14,2020,1,FALSE,FALSE,FALSE,FALSE,TRUE,1,742,12,2
126,9/28/2020 15:14:33,2020,172.2,NotSaying,true Black,1 (20 years old or below),Right,May,Omnivore,balanced,medium calories,normal,Right,8,9.5,average,100,below,blue,non-motored wheels,100,165,below average,below average,experimental,introvert,28/09/2020 16:14,2020,1,FALSE,FALSE,FALSE,FALSE,TRUE,1,745,5,7
127,9/28/2020 15:14:37,2020,171,Female,true Brown,2 (21 yo),Right,Feb,Vegetarian,balanced,medium calories,normal,Centre,9,6,average,150,above,green,foot,0,180,below average,above average,experimental,introvert,28/09/2020 16:14,2020,2,FALSE,FALSE,FALSE,FALSE,TRUE,2,749,2,4
128,9/28/2020 15:14:44,2020,163,Female,true Brown,1 (20 years old or below),Right,Nov,Vegetarian,balanced,medium calories,normal,Left,8,5,low income,244,above,green,foot,100,180,below average,about average,classical,extravert,28/09/2020 16:14,2020,1,FALSE,FALSE,FALSE,FALSE,TRUE,1,756,11,1
129,9/28/2020 15:14:45,2020,170,Female,true Blonde,1 (20 years old or below),Left,Jul,Omnivore,balanced,medium calories,normal,Centre,9,6,average,120,below,indigo,foot,100,180,about average,about average,classical,extravert,28/09/2020 16:14,2020,1,FALSE,FALSE,FALSE,FALSE,TRUE,1,757,7,9
130,9/28/2020 15:14:47,2020,165,Female,dyed / other,1 (20 years old or below),Left,Aug,Vegetarian,balanced,medium calories,normal,Right,6,6,average,100,above,violet,non-motored wheels,0,190,above average,about average,experimental,extravert,28/09/2020 16:14,2020,1,FALSE,FALSE,FALSE,FALSE,TRUE,1,759,8,10
131,9/28/2020 15:14:51,2020,182,Male,true Brown,2 (21 yo),Left,Jul,Omnivore,fat,medium calories,normal,Left,9,9.5,average,94,below,violet,foot,50,160,about average,about average,electro / pop,introvert,28/09/2020 16:14,2020,2,TRUE,FALSE,FALSE,FALSE,FALSE,2,763,7,9
132,9/28/2020 15:14:55,2020,172,Male,true Brown,1 (20 years old or below),Left,Apr,Omnivore,balanced,medium calories,normal,Right,8,8,low income,1,above,red,foot,100,170,below average,about average,experimental,introvert,28/09/2020 16:14,2020,1,FALSE,FALSE,FALSE,FALSE,TRUE,1,767,4,6
133,9/28/2020 15:15:01,2020,175.26,Male,true Brown,1 (20 years old or below),Left,Oct,Omnivore,balanced,medium calories,very healthy,Left,7,9.5,average,20,below,green,non-motored wheels,100,170.18,about average,about average,electro / pop,extravert,28/09/2020 16:15,2020,1,FALSE,FALSE,FALSE,FALSE,TRUE,1,773,10,12
134,9/28/2020 15:15:04,2020,168,Male,true Blonde,1 (20 years old or below),Left,Apr,Omnivore,balanced,medium calories,very healthy,Left,8,7,wealthy,0.001,below,orange,non-motored wheels,50,165,below average,above average,experimental,extravert,28/09/2020 16:15,2020,1,FALSE,FALSE,FALSE,FALSE,TRUE,1,776,4,6
135,9/28/2020 15:15:13,2020,160,Female,true Brown,2 (21 yo),Left,Jul,Vegetarian,balanced,medium calories,normal,Centre,8,3.5,average,1.00E-06,below,indigo,non-motored wheels,0,195,about average,below average,experimental,extravert,28/09/2020 16:15,2020,2,FALSE,FALSE,FALSE,FALSE,TRUE,2,785,7,9
136,9/28/2020 15:15:18,2020,180,Male,true Black,3 (22 yo),Left,Sept,Omnivore,sugar,medium calories,normal,Centre,9,8,average,0.1,above,violet,foot,100,175,about average,below average,classical,introvert,28/09/2020 16:15,2020,3,FALSE,FALSE,TRUE,FALSE,FALSE,3,790,9,11
137,9/28/2020 15:16:00,2020,164,NotSaying,dyed / other,4 (23 yo),Left,Aug,Vegetarian,carbs/sugar,medium calories,normal,Left,7,5,average,190,below,red,foot,100,179,about average,below average,classical,introvert,28/09/2020 16:16,2020,4,FALSE,TRUE,TRUE,FALSE,FALSE,4,832,8,10
138,9/28/2020 15:16:19,2020,182,Male,true Brown,1 (20 years old or below),Left,Mar,Omnivore,carbs/prot/balanced,medium calories,normal,Centre,8,10.5,wealthy,60,above,green,non-motored wheels,100,165,about average,about average,classical,extravert,28/09/2020 16:16,2020,1,FALSE,TRUE,FALSE,TRUE,TRUE,1,851,3,5
139,9/28/2020 15:16:22,2020,180,Male,true Brown,1 (20 years old or below),Left,Nov,Vegetarian,balanced,medium calories,normal,Right,8,11,average,143,below,blue,foot,0,170,about average,about average,electro / pop,introvert,28/09/2020 16:16,2020,1,FALSE,FALSE,FALSE,FALSE,TRUE,1,854,11,1
140,9/28/2020 15:16:24,2020,185,Male,true Black,2 (21 yo),Right,Jul,Omnivore,carbs/balanced,medium calories,very healthy,Left,9,12,average,100,above,blue,foot,40,165,about average,above average,Afrobeat,introvert,28/09/2020 16:16,2020,2,FALSE,TRUE,FALSE,FALSE,TRUE,2,856,7,9
141,9/28/2020 15:16:24,2020,175,Male,true Blonde,1 (20 years old or below),Right,Nov,Omnivore,balanced,medium calories,very healthy,Right,8,8,wealthy,2,above,blue,foot,60,170,above average,about average,electro / pop,extravert,28/09/2020 16:16,2020,1,FALSE,FALSE,FALSE,FALSE,TRUE,1,856,11,1
142,9/28/2020 15:16:26,2020,170,Female,true Red,3 (22 yo),Right,Jul,Omnivore,prot/balanced,medium calories,very healthy,Left,7,6,wealthy,1,below,violet,non-motored wheels,100,180,about average,above average,experimental,introvert,28/09/2020 16:16,2020,3,FALSE,FALSE,FALSE,TRUE,TRUE,3,858,7,9
143,9/28/2020 15:16:29,2020,173,Female,dyed / other,3 (22 yo),Right,Sept,Omnivore,balanced,medium calories,normal,Centre,8,7,wealthy,100,below,yellow,foot,100,183,below average,about average,electro / pop,introvert,28/09/2020 16:16,2020,3,FALSE,FALSE,FALSE,FALSE,TRUE,3,861,9,11
144,9/28/2020 15:16:31,2020,164,Female,dyed / other,1 (20 years old or below),Right,Oct,Omnivore,carbs,medium calories,normal,Left,8.5,6,average,0.2,below,blue,foot,0,174,about average,about average,experimental,introvert,28/09/2020 16:16,2020,1,FALSE,TRUE,FALSE,FALSE,FALSE,1,863,10,12
145,9/28/2020 15:16:33,2020,170,Female,true Brown,1 (20 years old or below),Left,Oct,Omnivore,balanced,medium calories,normal,Right,10,6.5,average,20,above,indigo,foot,100,177,above average,about average,experimental,introvert,28/09/2020 16:16,2020,1,FALSE,FALSE,FALSE,FALSE,TRUE,1,865,10,12
146,9/28/2020 15:17:12,2020,170,Female,dyed / other,1 (20 years old or below),Right,Jun,Omnivore,balanced,medium calories,very healthy,Right,7,6,average,200,below,orange,foot,50,190,below average,about average,classical,introvert,28/09/2020 16:17,2020,1,FALSE,FALSE,FALSE,FALSE,TRUE,1,904,6,8
147,9/28/2020 15:17:14,2020,190,Male,true Brown,1 (20 years old or below),Right,Mar,Vegetarian,balanced,high calories,normal,Centre,10,11,wealthy,0.001,above,green,non-motored wheels,70,180,above average,above average,experimental,extravert,28/09/2020 16:17,2020,1,FALSE,FALSE,FALSE,FALSE,TRUE,1,906,3,5
148,9/28/2020 15:17:43,2020,175.26,Male,true Brown,1 (20 years old or below),Left,Oct,Omnivore,balanced,medium calories,very healthy,Left,7,9.5,average,20,below,yellow,non-motored wheels,100,170.18,about average,about average,electro / pop,extravert,28/09/2020 16:17,2020,1,FALSE,FALSE,FALSE,FALSE,TRUE,1,935,10,12
149,9/28/2020 15:17:56,2020,170,Female,true Blonde,2 (21 yo),Left,May,Vegetarian,prot,medium calories,normal,Right,8,5,average,30,below,green,foot,100,180,below average,about average,experimental,extravert,28/09/2020 16:17,2020,2,FALSE,FALSE,FALSE,TRUE,FALSE,2,948,5,7
150,9/28/2020 15:18:12,2020,169,Female,dyed / other,1 (20 years old or below),Left,Jul,Omnivore,sugar,medium calories,normal,Right,10,6,average,0.1,above,violet,foot,30,185,above average,about average,electro / pop,introvert,28/09/2020 16:18,2020,1,FALSE,FALSE,TRUE,FALSE,FALSE,1,964,7,9
151,9/28/2020 15:18:13,2020,182,Male,true Black,3 (22 yo),Right,Jul,Vegetarian,balanced,medium calories,normal,Centre,8,7.5,average,120,above,blue,foot,70,160,about average,about average,electro / pop,introvert,28/09/2020 16:18,2020,3,FALSE,FALSE,FALSE,FALSE,TRUE,3,965,7,9
152,9/28/2020 15:19:00,2020,177,Female,true Brown,2 (21 yo),Right,Jul,Omnivore,carbs,medium calories,normal,Centre,7,7,wealthy,0.01,above,blue,foot,10,180,above average,about average,experimental,extravert,28/09/2020 16:19,2020,2,FALSE,TRUE,FALSE,FALSE,FALSE,2,1012,7,9
153,9/28/2020 15:19:11,2020,171,Female,dyed / other,2 (21 yo),Left,Sept,Omnivore,balanced,medium calories,normal,Right,8,7,average,53,above,blue,foot,100,190,below average,about average,experimental,extravert,28/09/2020 16:19,2020,2,FALSE,FALSE,FALSE,FALSE,TRUE,2,1023,9,11
154,9/28/2020 15:19:27,2020,162,Female,true Brown,1 (20 years old or below),Right,Nov,Omnivore,carbs/balanced,medium calories,normal,Centre,7,6,low income,45,below,violet,foot,100,175,below average,above average,classical,introvert,28/09/2020 16:19,2020,1,FALSE,TRUE,FALSE,FALSE,TRUE,1,1039,11,1
155,9/28/2020 15:19:38,2020,177,Female,dyed / other,1 (20 years old or below),Right,Apr,Omnivore,balanced,medium calories,normal,Centre,9,6,average,200,below,blue,non-motored wheels,100,190,above average,above average,experimental,introvert,28/09/2020 16:19,2020,1,FALSE,FALSE,FALSE,FALSE,TRUE,1,1050,4,6
156,9/28/2020 15:20:28,2020,157.5,Female,true Brown,1 (20 years old or below),Left,Jul,Omnivore,balanced,medium calories,normal,Right,8,4,average,121.9,below,violet,motored,100,182.9,about average,below average,experimental,introvert,28/09/2020 16:20,2020,1,FALSE,FALSE,FALSE,FALSE,TRUE,1,1100,7,9
157,9/28/2020 15:20:52,2020,168,Female,true Brown,3 (22 yo),Right,Mar,Vegetarian,fat/sugar/prot,high calories,not very healthy,Left,8,4,average,5,below,blue,foot,20,187,below average,above average,classical,introvert,28/09/2020 16:20,2020,3,TRUE,FALSE,TRUE,TRUE,FALSE,3,1124,3,5
158,9/28/2020 15:22:56,2020,180,Female,true Brown,1 (20 years old or below),Left,May,Vegetarian,carbs/balanced,medium calories,normal,Centre,7,6,average,0.5,below,red,foot,30,185,about average,about average,classical,introvert,28/09/2020 16:22,2020,1,FALSE,TRUE,FALSE,FALSE,TRUE,1,1248,5,7
159,9/28/2020 15:24:02,2020,170,Female,dyed / other,4 (23 yo),Right,May,Vegetarian,balanced,medium calories,normal,Left,8,7,average,368,below,blue,foot,100,183,above average,above average,classical,introvert,28/09/2020 16:24,2020,4,FALSE,FALSE,FALSE,FALSE,TRUE,4,1314,5,7
160,9/28/2020 15:24:18,2020,173,Female,true Blonde,1 (20 years old or below),Right,Nov,Vegetarian,balanced,medium calories,normal,Centre,9,6.5,average,0.05,above,green,non-motored wheels,100,176,about average,about average,classical,introvert,28/09/2020 16:24,2020,1,FALSE,FALSE,FALSE,FALSE,TRUE,1,1330,11,1
161,9/28/2020 15:26:52,2020,182,Male,true Brown,2 (21 yo),Left,Oct,Vegetarian,balanced,medium calories,normal,Left,8,9.5,wealthy,130,above,blue,foot,0,165,about average,below average,classical,introvert,28/09/2020 16:26,2020,2,FALSE,FALSE,FALSE,FALSE,TRUE,2,1484,10,12
162,9/28/2020 15:26:59,2020,175.25,Male,dyed / other,5 (24 yo),Left,Oct,Vegetarian,balanced,medium calories,normal,Left,5,8,average,150,above,red,foot,100,177.8,below average,above average,experimental,extravert,28/09/2020 16:26,2020,5,FALSE,FALSE,FALSE,FALSE,TRUE,5,1491,10,12
163,9/28/2020 15:27:42,2020,165,Female,dyed / other,1 (20 years old or below),Left,Jul,Omnivore,balanced,medium calories,normal,Centre,8,5,wealthy,92,below,blue,foot,0,190,about average,about average,classical,introvert,28/09/2020 16:27,2020,1,FALSE,FALSE,FALSE,FALSE,TRUE,1,1534,7,9
164,9/28/2020 15:33:59,2020,174,Female,dyed / other,1 (20 years old or below),Right,Feb,Vegetarian,balanced,medium calories,normal,Right,7,5,average,2,below,green,foot,0,189,above average,about average,experimental,introvert,28/09/2020 16:33,2020,1,FALSE,FALSE,FALSE,FALSE,TRUE,1,1911,2,4
165,9/28/2020 15:43:38,2020,152,Female,true Brown,1 (20 years old or below),Right,Aug,Omnivore,carbs,low calories,not very healthy,Left,10,3.5,low income,280,below,blue,foot,100,166,below average,about average,classical,introvert,28/09/2020 16:43,2020,1,FALSE,TRUE,FALSE,FALSE,FALSE,1,2490,8,10
166,9/28/2020 15:45:17,2020,170,Female,true Blonde,3 (22 yo),Right,Feb,Vegetarian,carbs/prot,medium calories,normal,Centre,8,5,low income,30,above,green,foot,100,180,below average,above average,experimental,introvert,28/09/2020 16:45,2020,3,FALSE,TRUE,FALSE,TRUE,FALSE,3,2589,2,4
167,9/28/2020 15:47:38,2020,176,Male,true Black,2 (21 yo),Right,Mar,Vegetarian,balanced,medium calories,normal,Centre,7,8,wealthy,0.001,below,blue,foot,100,160,above average,below average,electro / pop,extravert,28/09/2020 16:47,2020,2,FALSE,FALSE,FALSE,FALSE,TRUE,2,2730,3,5
168,9/28/2020 15:50:29,2020,155,Male,true Brown,1 (20 years old or below),Left,Jul,Omnivore,sugar/balanced,medium calories,not very healthy,Right,9,4,wealthy,0.001,above,green,foot,0,160,about average,below average,classical,introvert,28/09/2020 16:50,2020,1,FALSE,FALSE,TRUE,FALSE,TRUE,1,2901,7,9
169,9/28/2020 15:51:18,2020,162.5,Female,true Brown,3 (22 yo),Right,Sept,Omnivore,balanced,medium calories,normal,Centre,9,4,average,1.00E-06,below,blue,foot,100,188.9,above average,below average,Afrobeat,introvert,28/09/2020 16:51,2020,3,FALSE,FALSE,FALSE,FALSE,TRUE,3,2950,9,11
170,9/28/2020 15:52:17,2020,163,Female,true Brown,2 (21 yo),Right,Aug,Omnivore,balanced,medium calories,normal,Right,8,5,average,163,above,red,foot,0,176,about average,about average,classical,introvert,28/09/2020 16:52,2020,2,FALSE,FALSE,FALSE,FALSE,TRUE,2,3009,8,10
171,9/28/2020 15:56:17,2020,137,Female,true Brown,3 (22 yo),Right,Dec,Omnivore,balanced,medium calories,normal,Left,6,2.5,average,80,below,red,foot,50,175,below average,about average,experimental,introvert,28/09/2020 16:56,2020,3,FALSE,FALSE,FALSE,FALSE,TRUE,3,3249,12,2
172,9/28/2020 16:03:06,2020,200,Male,true Blonde,6 (25 yo),Right,Mar,Vegetarian,carbs,high calories,normal,Centre,8,13,wealthy,244,below,green,foot,100,150,above average,about average,experimental,extravert,28/09/2020 17:03,2020,6,FALSE,TRUE,FALSE,FALSE,FALSE,6,3658,3,5
173,9/28/2020 16:03:24,2020,178,Male,true Blonde,7 (26 yo or above),Left,Dec,Omnivore,sugar/balanced,medium calories,not very healthy,Left,9,10.5,low income,75,above,blue,foot,100,155,about average,about average,classical,introvert,28/09/2020 17:03,2020,7,FALSE,FALSE,TRUE,FALSE,TRUE,7,3676,12,2
174,9/28/2020 16:03:41,2020,160,Female,true Brown,1 (20 years old or below),Left,Jun,Vegetarian,carbs,low calories,normal,Left,6,6.5,low income,190,below,blue,foot,100,170,above average,above average,experimental,introvert,28/09/2020 17:03,2020,1,FALSE,TRUE,FALSE,FALSE,FALSE,1,3693,6,8
175,9/28/2020 16:04:02,2020,166,Female,dyed / other,1 (20 years old or below),Right,Mar,Omnivore,fat/balanced,high calories,not very healthy,Right,8,5,average,50,below,blue,foot,50,183,below average,above average,Afrobeat,introvert,28/09/2020 17:04,2020,1,TRUE,FALSE,FALSE,FALSE,TRUE,1,3714,3,5
176,9/28/2020 16:05:22,2020,160,Female,true Blonde,6 (25 yo),Left,Jul,Omnivore,prot/balanced,medium calories,normal,Right,10,4,wealthy,30,above,yellow,foot,100,180,about average,about average,classical,extravert,28/09/2020 17:05,2020,6,FALSE,FALSE,FALSE,TRUE,TRUE,6,3794,7,9
177,9/28/2020 16:11:38,2020,170,Female,true Brown,1 (20 years old or below),Right,Jun,Vegetarian,fat/carbs/sugar,medium calories,not very healthy,Centre,9,7,average,0.05,below,yellow,foot,100,180,above average,above average,experimental,extravert,28/09/2020 17:11,2020,1,TRUE,TRUE,TRUE,FALSE,FALSE,1,4170,6,8
178,9/28/2020 16:12:42,2020,168,Female,dyed / other,2 (21 yo),Left,Aug,Omnivore,balanced,medium calories,normal,Centre,8,7.5,average,2,below,blue,foot,50,183,about average,about average,experimental,introvert,28/09/2020 17:12,2020,2,FALSE,FALSE,FALSE,FALSE,TRUE,2,4234,8,10
179,9/28/2020 16:13:56,2020,162.56,Female,true Red,1 (20 years old or below),Right,Jul,Omnivore,carbs/sugar/prot,medium calories,not very healthy,Centre,8,5,average,25,above,violet,foot,100,170,about average,below average,Afrobeat,extravert,28/09/2020 17:13,2020,1,FALSE,TRUE,TRUE,TRUE,FALSE,1,4308,7,9
180,9/28/2020 16:14:14,2020,178,Male,true Brown,7 (26 yo or above),Right,May,Omnivore,fat/carbs/sugar/prot,high calories,normal,Centre,8,8,low income,1,below,orange,non-motored wheels,100,173,about average,about average,classical,introvert,28/09/2020 17:14,2020,7,TRUE,TRUE,TRUE,TRUE,FALSE,7,4326,5,7
181,9/28/2020 16:21:54,2020,157,Female,true Brown,1 (20 years old or below),Left,Oct,Vegetarian,balanced,medium calories,normal,Left,7,4,wealthy,0.15,below,yellow,foot,0,180,about average,below average,experimental,introvert,28/09/2020 17:21,2020,1,FALSE,FALSE,FALSE,FALSE,TRUE,1,4786,10,12
182,9/28/2020 16:23:36,2020,185,Male,true Brown,2 (21 yo),Right,Jan,Vegetarian,balanced,low calories,normal,Right,8,9.5,low income,0.15,above,orange,foot,100,160,below average,above average,classical,introvert,28/09/2020 17:23,2020,2,FALSE,FALSE,FALSE,FALSE,TRUE,2,4888,1,3
183,9/28/2020 16:24:13,2020,159,Female,true Brown,2 (21 yo),Right,Dec,Vegetarian,balanced,medium calories,normal,Centre,9,4,average,200,below,blue,foot,70,175,below average,below average,experimental,extravert,28/09/2020 17:24,2020,2,FALSE,FALSE,FALSE,FALSE,TRUE,2,4925,12,2
184,9/28/2020 16:35:24,2020,158,Female,dyed / other,5 (24 yo),Left,Sept,Omnivore,carbs/sugar,medium calories,not very healthy,Left,8,5,average,100,above,green,foot,20,200,about average,below average,experimental,introvert,28/09/2020 17:35,2020,5,FALSE,TRUE,TRUE,FALSE,FALSE,5,5596,9,11
185,9/28/2020 17:10:08,2020,165,Female,dyed / other,1 (20 years old or below),Right,Nov,Omnivore,carbs,medium calories,normal,Right,7,6,low income,30,below,green,motored,0,185,about average,about average,classical,introvert,28/09/2020 18:10,2020,1,FALSE,TRUE,FALSE,FALSE,FALSE,1,7680,11,1
186,9/28/2020 17:46:41,2020,167,Female,dyed / other,1 (20 years old or below),Right,Jul,Vegetarian,balanced,medium calories,normal,Left,8,5,average,167,below,blue,foot,0,182,about average,about average,electro / pop,introvert,28/09/2020 18:46,2020,1,FALSE,FALSE,FALSE,FALSE,TRUE,1,9873,7,9
187,9/28/2020 18:30:10,2020,171,Female,dyed / other,1 (20 years old or below),Left,Apr,Omnivore,balanced,medium calories,normal,Centre,8,6.5,average,5,below,violet,foot,100,185,about average,above average,Afrobeat,extravert,28/09/2020 19:30,2020,1,FALSE,FALSE,FALSE,FALSE,TRUE,1,12482,4,6
188,9/28/2020 19:35:28,2020,176,Male,true Red,1 (20 years old or below),Right,May,Omnivore,balanced,medium calories,normal,Left,7,8,average,1,below,green,foot,0,200,above average,about average,experimental,introvert,28/09/2020 20:35,2020,1,FALSE,FALSE,FALSE,FALSE,TRUE,1,16400,5,7
189,9/28/2020 20:58:34,2020,167,Female,dyed / other,7 (26 yo or above),Left,Mar,Omnivore,balanced,medium calories,normal,Right,7,6,average,1.00E-06,below,red,foot,0,193,below average,about average,electro / pop,introvert,28/09/2020 21:58,2020,7,FALSE,FALSE,FALSE,FALSE,TRUE,7,21386,3,5
190,9/28/2020 21:11:21,2020,170,Female,true Blonde,1 (20 years old or below),Left,Jun,Omnivore,balanced,medium calories,normal,Right,9,6.5,wealthy,0.05,below,violet,non-motored wheels,50,180,above average,about average,classical,introvert,28/09/2020 22:11,2020,1,FALSE,FALSE,FALSE,FALSE,TRUE,1,22153,6,8
191,9/28/2020 22:29:42,2020,170,Female,true Blonde,1 (20 years old or below),Left,Nov,Omnivore,carbs,medium calories,normal,Centre,8,5,average,145,below,blue,foot,0,188,about average,above average,experimental,introvert,28/09/2020 23:29,2020,1,FALSE,TRUE,FALSE,FALSE,FALSE,1,26854,11,1
192,9/28/2020 22:32:44,2020,165,Female,true Brown,1 (20 years old or below),Right,Jun,Omnivore,carbs,medium calories,normal,Centre,8,5,average,90,below,violet,foot,0,170,above average,about average,experimental,extravert,28/09/2020 23:32,2020,1,FALSE,TRUE,FALSE,FALSE,FALSE,1,27036,6,8
193,9/28/2020 22:35:12,2020,173,Female,true Brown,2 (21 yo),Right,Apr,Omnivore,carbs/balanced,medium calories,not very healthy,Left,9,7,average,120,below,red,foot,0,187,about average,above average,classical,introvert,28/09/2020 23:35,2020,2,FALSE,TRUE,FALSE,FALSE,TRUE,2,27184,4,6
194,9/27/2021 13:27:45,2021,189,Male,true Brown,1 (20 years old or below),Left,Feb,Omnivore,balanced,medium calories,normal,Centre,9,11,average,175,below,green,foot,50,170,above average,about average,classical,introvert,27/09/2021 14:27,2021,1,FALSE,FALSE,FALSE,FALSE,TRUE,1,31443937,2,4
195,9/27/2021 14:31:57,2021,166,Female,dyed / other,1 (20 years old or below),Right,Sept,Omnivore,balanced,medium calories,normal,Centre,8,4,wealthy,243,above,violet,foot,75,170,about average,about average,experimental,extravert,27/09/2021 15:31,2021,1,FALSE,FALSE,FALSE,FALSE,TRUE,1,31447789,9,11
196,9/27/2021 14:49:12,2021,155,Female,true Red,1 (20 years old or below),Right,Apr,Omnivore,balanced,medium calories,very healthy,Centre,8,4,wealthy,1.00E+06,below,yellow,motored,0,193.04,below average,below average,experimental,extravert,27/09/2021 15:49,2021,1,FALSE,FALSE,FALSE,FALSE,TRUE,1,31448824,4,6
197,9/27/2021 14:49:19,2021,187,Male,true Brown,1 (20 years old or below),Right,Jan,Omnivore,balanced,medium calories,normal,Centre,8,8,wealthy,0.01,above,red,foot,50,165,about average,above average,electro / pop,introvert,27/09/2021 15:49,2021,1,FALSE,FALSE,FALSE,FALSE,TRUE,1,31448831,1,3
198,9/27/2021 14:49:35,2021,175,Female,dyed / other,1 (20 years old or below),Right,Mar,Omnivore,balanced,medium calories,normal,Left,12,6,average,5,below,indigo,motored,100,198,below average,about average,experimental,introvert,27/09/2021 15:49,2021,1,FALSE,FALSE,FALSE,FALSE,TRUE,1,31448847,3,5
199,9/27/2021 14:49:38,2021,155,Female,true Blonde,4 (23 yo),Right,Apr,Vegetarian,carbs,medium calories,normal,Centre,8,5,average,1,below,indigo,foot,100,185,about average,below average,electro / pop,extravert,27/09/2021 15:49,2021,4,FALSE,TRUE,FALSE,FALSE,FALSE,4,31448850,4,6
200,9/27/2021 14:49:40,2021,169,Female,true Blonde,2 (21 yo),Left,Jan,Omnivore,balanced,medium calories,very healthy,Left,6,4,wealthy,0.001,below,green,motored,0,180,above average,about average,experimental,introvert,27/09/2021 15:49,2021,2,FALSE,FALSE,FALSE,FALSE,TRUE,2,31448852,1,3
201,9/27/2021 14:49:47,2021,185,Male,true Blonde,1 (20 years old or below),Left,Mar,Vegetarian,balanced,medium calories,normal,Centre,8,8,average,168,below,green,foot,65,175,about average,about average,classical,extravert,27/09/2021 15:49,2021,1,FALSE,FALSE,FALSE,FALSE,TRUE,1,31448859,3,5
202,9/27/2021 14:49:51,2021,180,Male,dyed / other,7 (26 yo or above),Left,Oct,Omnivore,balanced,high calories,very healthy,Right,7.5,11,average,1.00E-04,above,red,foot,100,170,about average,above average,experimental,extravert,27/09/2021 15:49,2021,7,FALSE,FALSE,FALSE,FALSE,TRUE,7,31448863,10,12
203,9/27/2021 14:49:54,2021,173,Female,true Brown,1 (20 years old or below),Left,Jul,Omnivore,carbs/sugar/prot,medium calories,normal,Right,8,7.5,average,3,above,yellow,foot,0,183,about average,about average,experimental,introvert,27/09/2021 15:49,2021,1,FALSE,TRUE,TRUE,TRUE,FALSE,1,31448866,7,9
204,9/27/2021 14:49:59,2021,165,Female,true Brown,1 (20 years old or below),Left,Dec,Vegetarian,balanced,medium calories,normal,Centre,9,5,average,150,above,blue,motored,50,180,below average,above average,experimental,introvert,27/09/2021 15:49,2021,1,FALSE,FALSE,FALSE,FALSE,TRUE,1,31448871,12,2
205,9/27/2021 14:50:03,2021,169,Female,true Blonde,1 (20 years old or below),Left,Sept,Omnivore,balanced,high calories,normal,Left,6,6.5,wealthy,145,above,red,foot,0,190,about average,about average,experimental,extravert,27/09/2021 15:50,2021,1,FALSE,FALSE,FALSE,FALSE,TRUE,1,31448875,9,11
206,9/27/2021 14:50:30,2021,195,Male,true Brown,1 (20 years old or below),Right,Dec,Vegetarian,balanced,medium calories,very healthy,Left,7,12,wealthy,60,below,orange,non-motored wheels,100,168,above average,above average,experimental,extravert,27/09/2021 15:50,2021,1,FALSE,FALSE,FALSE,FALSE,TRUE,1,31448902,12,2
207,9/27/2021 14:50:36,2021,155,Female,true Brown,1 (20 years old or below),Right,Apr,Omnivore,balanced,medium calories,normal,Left,9,4,average,3,below,yellow,foot,0,180,below average,about average,Afrobeat,introvert,27/09/2021 15:50,2021,1,FALSE,FALSE,FALSE,FALSE,TRUE,1,31448908,4,6
208,9/27/2021 14:50:41,2021,188,NotSaying,true Brown,1 (20 years old or below),Left,Sept,Vegetarian,fat/sugar,high calories,not very healthy,Right,7,11,wealthy,2,above,indigo,foot,20,200,about average,above average,classical,extravert,27/09/2021 15:50,2021,1,TRUE,FALSE,TRUE,FALSE,FALSE,1,31448913,9,11
209,9/27/2021 14:50:44,2021,173,NotSaying,true Blonde,1 (20 years old or below),Right,Nov,Omnivore,balanced,medium calories,normal,Centre,8.5,6,average,1,above,blue,foot,0,170,about average,about average,classical,introvert,27/09/2021 15:50,2021,1,FALSE,FALSE,FALSE,FALSE,TRUE,1,31448916,11,1
210,9/27/2021 14:50:51,2021,161,Female,true Brown,2 (21 yo),Left,Apr,Omnivore,balanced,medium calories,normal,Centre,8,3.5,average,1.00E-05,below,blue,foot,0,170,about average,below average,classical,extravert,27/09/2021 15:50,2021,2,FALSE,FALSE,FALSE,FALSE,TRUE,2,31448923,4,6
211,9/27/2021 14:50:54,2021,164,Female,dyed / other,4 (23 yo),Left,Jul,Vegetarian,balanced,medium calories,normal,Centre,6,5,average,0.005,below,yellow,motored,100,175,about average,about average,experimental,introvert,27/09/2021 15:50,2021,4,FALSE,FALSE,FALSE,FALSE,TRUE,4,31448926,7,9
212,9/27/2021 14:51:02,2021,162,Female,true Brown,1 (20 years old or below),Left,Jul,Omnivore,fat/carbs,medium calories,normal,Centre,7,5,average,10,below,orange,motored,0,195,about average,about average,classical,introvert,27/09/2021 15:51,2021,1,TRUE,TRUE,FALSE,FALSE,FALSE,1,31448934,7,9
213,9/27/2021 14:51:21,2021,170,Female,true Brown,1 (20 years old or below),Left,Dec,Omnivore,balanced,high calories,normal,Left,9,6,average,25,below,violet,foot,50,182,about average,about average,experimental,introvert,27/09/2021 15:51,2021,1,FALSE,FALSE,FALSE,FALSE,TRUE,1,31448953,12,2
214,9/27/2021 14:51:23,2021,185,Male,true Brown,2 (21 yo),Left,Dec,Vegetarian,carbs/sugar,low calories,not very healthy,Left,9,9.5,low income,1.00E-04,below,indigo,foot,10,190,below average,about average,experimental,introvert,27/09/2021 15:51,2021,2,FALSE,TRUE,TRUE,FALSE,FALSE,2,31448955,12,2
215,9/27/2021 14:51:42,2021,162,Female,dyed / other,1 (20 years old or below),Right,Aug,Omnivore,carbs/balanced,medium calories,normal,Right,8,4,average,5,below,green,foot,50,170,about average,about average,experimental,extravert,27/09/2021 15:51,2021,1,FALSE,TRUE,FALSE,FALSE,TRUE,1,31448974,8,10
216,9/27/2021 14:51:43,2021,175,Female,dyed / other,2 (21 yo),Right,Jan,Omnivore,balanced,medium calories,normal,Left,10,6.5,average,250,above,violet,motored,90,190,below average,above average,classical,extravert,27/09/2021 15:51,2021,2,FALSE,FALSE,FALSE,FALSE,TRUE,2,31448975,1,3
217,9/27/2021 14:51:49,2021,183,Male,true Red,1 (20 years old or below),Left,Nov,Omnivore,carbs/prot,high calories,normal,Right,9,10.5,average,3,below,violet,foot,60,170,above average,about average,experimental,introvert,27/09/2021 15:51,2021,1,FALSE,TRUE,FALSE,TRUE,FALSE,1,31448981,11,1
218,9/27/2021 14:51:53,2021,172,Female,dyed / other,2 (21 yo),Left,Sept,Omnivore,carbs/sugar,medium calories,not very healthy,Left,8,8,low income,213,below,yellow,foot,80,180,about average,above average,classical,introvert,27/09/2021 15:51,2021,2,FALSE,TRUE,TRUE,FALSE,FALSE,2,31448985,9,11
219,9/27/2021 14:51:53,2021,151,Female,true Blonde,7 (26 yo or above),Left,Sept,Omnivore,sugar,medium calories,normal,Centre,8,5,low income,100,above,indigo,motored,10,178,below average,below average,classical,introvert,27/09/2021 15:51,2021,7,FALSE,FALSE,TRUE,FALSE,FALSE,7,31448985,9,11
220,9/27/2021 14:51:53,2021,165,Female,true Blonde,2 (21 yo),Left,Aug,Vegetarian,carbs/balanced,medium calories,normal,Left,8,3.5,average,5,below,green,motored,0,200,above average,below average,electro / pop,extravert,27/09/2021 15:51,2021,2,FALSE,TRUE,FALSE,FALSE,TRUE,2,31448985,8,10
221,9/27/2021 14:51:54,2021,184,Male,true Brown,1 (20 years old or below),Left,Apr,Omnivore,prot,high calories,very healthy,Right,6,13,wealthy,1.00E-06,below,red,foot,100,173,above average,about average,classical,introvert,27/09/2021 15:51,2021,1,FALSE,FALSE,FALSE,TRUE,FALSE,1,31448986,4,6
222,9/27/2021 14:51:57,2021,163,Female,true Brown,3 (22 yo),Left,Jan,Vegetarian,carbs/prot,medium calories,very healthy,Centre,9,5,average,213.36,below,violet,motored,100,187.96,about average,about average,experimental,introvert,27/09/2021 15:51,2021,3,FALSE,TRUE,FALSE,TRUE,FALSE,3,31448989,1,3
223,9/27/2021 14:52:00,2021,174,Female,true Brown,2 (21 yo),Right,Jan,Vegetarian,balanced,medium calories,very healthy,Centre,8,7,average,1.00E-05,above,blue,foot,70,185,above average,above average,experimental,introvert,27/09/2021 15:52,2021,2,FALSE,FALSE,FALSE,FALSE,TRUE,2,31448992,1,3
224,9/27/2021 14:52:04,2021,160,Female,true Brown,1 (20 years old or below),Left,May,Omnivore,balanced,high calories,normal,Right,8,6.5,average,5,below,green,foot,50,177,about average,about average,experimental,introvert,27/09/2021 15:52,2021,1,FALSE,FALSE,FALSE,FALSE,TRUE,1,31448996,5,7
225,9/27/2021 14:52:14,2021,171,Male,true Brown,1 (20 years old or below),Left,Dec,Omnivore,carbs/balanced,medium calories,very healthy,Right,9,7,wealthy,1.00E-05,below,indigo,non-motored wheels,20,170,above average,about average,experimental,introvert,27/09/2021 15:52,2021,1,FALSE,TRUE,FALSE,FALSE,TRUE,1,31449006,12,2
226,9/27/2021 14:52:22,2021,178,Male,true Brown,1 (20 years old or below),Right,Apr,Omnivore,balanced,medium calories,normal,Centre,7,8,average,200,below,green,foot,100,182,about average,below average,experimental,introvert,27/09/2021 15:52,2021,1,FALSE,FALSE,FALSE,FALSE,TRUE,1,31449014,4,6
227,9/27/2021 14:52:26,2021,165,Female,true Blonde,1 (20 years old or below),Left,Oct,Omnivore,balanced,medium calories,normal,Left,8,7,average,5,below,violet,foot,100,180,about average,above average,classical,introvert,27/09/2021 15:52,2021,1,FALSE,FALSE,FALSE,FALSE,TRUE,1,31449018,10,12
228,9/27/2021 14:52:27,2021,163,Female,true Blonde,1 (20 years old or below),Right,Nov,Omnivore,carbs/balanced,medium calories,very healthy,Left,9,5,wealthy,50,below,violet,foot,0,170,above average,about average,experimental,extravert,27/09/2021 15:52,2021,1,FALSE,TRUE,FALSE,FALSE,TRUE,1,31449019,11,1
229,9/27/2021 14:52:30,2021,187,Male,true Brown,2 (21 yo),Left,Feb,Omnivore,balanced,medium calories,normal,Centre,8,9.5,wealthy,120,above,yellow,foot,80,185,below average,about average,experimental,extravert,27/09/2021 15:52,2021,2,FALSE,FALSE,FALSE,FALSE,TRUE,2,31449022,2,4
230,9/27/2021 14:52:34,2021,160,Female,true Brown,2 (21 yo),Right,Dec,Omnivore,carbs,medium calories,normal,Right,8,3.5,average,140,below,green,foot,100,180,below average,below average,electro / pop,introvert,27/09/2021 15:52,2021,2,FALSE,TRUE,FALSE,FALSE,FALSE,2,31449026,12,2
231,9/27/2021 14:52:41,2021,181,Female,true Brown,4 (23 yo),Left,Dec,Vegetarian,carbs,medium calories,normal,Left,5,8,average,5,above,blue,foot,100,195,about average,above average,classical,introvert,27/09/2021 15:52,2021,4,FALSE,TRUE,FALSE,FALSE,FALSE,4,31449033,12,2
232,9/27/2021 14:52:44,2021,169,Female,true Brown,1 (20 years old or below),Left,Jun,Omnivore,carbs/prot/balanced,high calories,normal,Left,8,6.5,average,100,below,violet,foot,80,175,below average,below average,experimental,introvert,27/09/2021 15:52,2021,1,FALSE,TRUE,FALSE,TRUE,TRUE,1,31449036,6,8
233,9/27/2021 14:52:45,2021,170,Female,true Red,6 (25 yo),Left,Jul,Omnivore,carbs/sugar,medium calories,normal,Left,9,7.5,average,10,below,blue,motored,36,182,about average,below average,classical,introvert,27/09/2021 15:52,2021,6,FALSE,TRUE,TRUE,FALSE,FALSE,6,31449037,7,9
234,9/27/2021 14:52:48,2021,174,Female,true Blonde,1 (20 years old or below),Right,May,Omnivore,carbs/prot/balanced,medium calories,normal,Centre,6,6,average,200,above,orange,foot,60,180,about average,about average,experimental,introvert,27/09/2021 15:52,2021,1,FALSE,TRUE,FALSE,TRUE,TRUE,1,31449040,5,7
235,9/27/2021 14:52:49,2021,167,Female,true Blonde,3 (22 yo),Right,Jun,Omnivore,balanced,medium calories,normal,Right,6,6,low income,213,below,blue,foot,100,195,about average,about average,classical,introvert,27/09/2021 15:52,2021,3,FALSE,FALSE,FALSE,FALSE,TRUE,3,31449041,6,8
236,9/27/2021 14:53:00,2021,164,Female,true Brown,1 (20 years old or below),Right,Nov,Vegetarian,balanced,medium calories,normal,Right,7,6,average,200,below,yellow,foot,0,188,about average,above average,experimental,introvert,27/09/2021 15:53,2021,1,FALSE,FALSE,FALSE,FALSE,TRUE,1,31449052,11,1
237,9/27/2021 14:53:04,2021,176,Male,true Black,4 (23 yo),Left,Feb,Omnivore,carbs,medium calories,normal,Left,8,7.5,average,200,above,yellow,motored,50,183,below average,about average,classical,extravert,27/09/2021 15:53,2021,4,FALSE,TRUE,FALSE,FALSE,FALSE,4,31449056,2,4
238,9/27/2021 14:53:04,2021,170,NotSaying,true Blonde,4 (23 yo),Right,Sept,Vegetarian,balanced,high calories,normal,Right,6,6,average,156,below,blue,foot,100,190,above average,above average,experimental,introvert,27/09/2021 15:53,2021,4,FALSE,FALSE,FALSE,FALSE,TRUE,4,31449056,9,11
239,9/27/2021 14:53:06,2021,182,Female,true Red,7 (26 yo or above),Right,Sept,Omnivore,sugar,medium calories,normal,Centre,8,7.5,average,140,above,violet,foot,100,180,about average,above average,classical,extravert,27/09/2021 15:53,2021,7,FALSE,FALSE,TRUE,FALSE,FALSE,7,31449058,9,11
240,9/27/2021 14:53:11,2021,165,Female,true Brown,1 (20 years old or below),Right,Jan,Vegetarian,sugar/balanced,low calories,not very healthy,Right,9,6,average,130,above,red,foot,0,175,below average,about average,classical,introvert,27/09/2021 15:53,2021,1,FALSE,FALSE,TRUE,FALSE,TRUE,1,31449063,1,3
241,9/27/2021 14:53:16,2021,176,Female,true Red,1 (20 years old or below),Right,Sept,Vegetarian,carbs/balanced,medium calories,normal,Right,8,7,wealthy,20,below,violet,foot,50,193,above average,above average,experimental,introvert,27/09/2021 15:53,2021,1,FALSE,TRUE,FALSE,FALSE,TRUE,1,31449068,9,11
242,9/27/2021 14:53:16,2021,183,Male,true Brown,1 (20 years old or below),Right,Mar,Omnivore,balanced,medium calories,very healthy,Right,8,12,low income,200,below,blue,motored,0,152,above average,about average,classical,introvert,27/09/2021 15:53,2021,1,FALSE,FALSE,FALSE,FALSE,TRUE,1,31449068,3,5
243,9/27/2021 14:53:20,2021,165,Female,true Brown,1 (20 years old or below),Right,Aug,Vegetarian,carbs,medium calories,very healthy,Right,8,7,average,1,below,green,foot,0,183,above average,about average,experimental,introvert,27/09/2021 15:53,2021,1,FALSE,TRUE,FALSE,FALSE,FALSE,1,31449072,8,10
244,9/27/2021 14:53:42,2021,165,Female,true Brown,1 (20 years old or below),Right,Jun,Omnivore,carbs,medium calories,normal,Centre,9,5,average,3,below,blue,foot,10,180,about average,below average,classical,introvert,27/09/2021 15:53,2021,1,FALSE,TRUE,FALSE,FALSE,FALSE,1,31449094,6,8
245,9/27/2021 14:53:53,2021,170,Female,dyed / other,2 (21 yo),Right,Mar,Omnivore,carbs/prot/balanced,low calories,very healthy,Right,8,5,wealthy,35,above,yellow,non-motored wheels,90,190,about average,about average,classical,extravert,27/09/2021 15:53,2021,2,FALSE,TRUE,FALSE,TRUE,TRUE,2,31449105,3,5
246,9/27/2021 14:54:09,2021,175,Female,true Blonde,1 (20 years old or below),Left,May,Omnivore,carbs,medium calories,very healthy,Centre,8,6,average,91,below,green,foot,0,175,above average,about average,experimental,introvert,27/09/2021 15:54,2021,1,FALSE,TRUE,FALSE,FALSE,FALSE,1,31449121,5,7
247,9/27/2021 14:54:23,2021,170,Female,dyed / other,1 (20 years old or below),Right,Dec,Omnivore,balanced,medium calories,very healthy,Right,8,6,average,100,above,blue,motored,80,190,about average,about average,classical,introvert,27/09/2021 15:54,2021,1,FALSE,FALSE,FALSE,FALSE,TRUE,1,31449135,12,2
248,9/27/2021 14:54:38,2021,169,Female,true Brown,4 (23 yo),Right,Dec,Vegetarian,balanced,medium calories,normal,Right,8,5,average,5,below,green,foot,100,182,above average,about average,classical,introvert,27/09/2021 15:54,2021,4,FALSE,FALSE,FALSE,FALSE,TRUE,4,31449150,12,2
249,9/27/2021 14:54:42,2021,175,Female,dyed / other,1 (20 years old or below),Left,Nov,Omnivore,balanced,medium calories,normal,Left,4,7,average,1,below,green,foot,10,178,about average,above average,experimental,introvert,27/09/2021 15:54,2021,1,FALSE,FALSE,FALSE,FALSE,TRUE,1,31449154,11,1
250,9/27/2021 14:54:45,2021,174,Female,dyed / other,2 (21 yo),Left,Jan,Vegetarian,prot/balanced,medium calories,very healthy,Left,7,7,average,1,above,blue,foot,0,186,above average,above average,experimental,introvert,27/09/2021 15:54,2021,2,FALSE,FALSE,FALSE,TRUE,TRUE,2,31449157,1,3
251,9/27/2021 14:54:47,2021,174,Female,true Red,1 (20 years old or below),Right,Dec,Omnivore,balanced,medium calories,normal,Centre,9,5,wealthy,150,above,violet,foot,100,188,about average,above average,classical,introvert,27/09/2021 15:54,2021,1,FALSE,FALSE,FALSE,FALSE,TRUE,1,31449159,12,2
252,9/27/2021 14:55:07,2021,163,Female,true Brown,3 (22 yo),Left,Sept,Omnivore,balanced,medium calories,very healthy,Left,9,3.5,average,100,below,blue,foot,30,175,about average,below average,classical,introvert,27/09/2021 15:55,2021,3,FALSE,FALSE,FALSE,FALSE,TRUE,3,31449179,9,11
253,9/27/2021 14:55:13,2021,162,Female,dyed / other,1 (20 years old or below),Left,May,Omnivore,carbs/sugar,low calories,not very healthy,Left,10,4,low income,1.00E-05,below,yellow,motored,50,185,about average,about average,experimental,introvert,27/09/2021 15:55,2021,1,FALSE,TRUE,TRUE,FALSE,FALSE,1,31449185,5,7
254,9/27/2021 14:55:25,2021,170,Female,dyed / other,1 (20 years old or below),Right,May,Vegetarian,carbs/prot,medium calories,normal,Right,14,7,low income,0.5,below,violet,foot,0,180,below average,above average,experimental,introvert,27/09/2021 15:55,2021,1,FALSE,TRUE,FALSE,TRUE,FALSE,1,31449197,5,7
255,9/27/2021 14:55:27,2021,154.94,Female,true Brown,2 (21 yo),Left,Sept,Vegetarian,balanced,medium calories,normal,Centre,6,6,average,3,below,blue,foot,100,186.66,below average,about average,classical,introvert,27/09/2021 15:55,2021,2,FALSE,FALSE,FALSE,FALSE,TRUE,2,31449199,9,11
256,9/27/2021 14:55:33,2021,157,Female,true Red,4 (23 yo),Left,Jul,Vegetarian,balanced,medium calories,normal,Right,6,5,wealthy,0.1,below,yellow,foot,90,173,about average,below average,experimental,introvert,27/09/2021 15:55,2021,4,FALSE,FALSE,FALSE,FALSE,TRUE,4,31449205,7,9
257,9/27/2021 14:55:35,2021,157,Female,true Blonde,1 (20 years old or below),Left,Dec,Omnivore,carbs/sugar,medium calories,not very healthy,Right,8,6,average,10,below,violet,foot,90,182,about average,below average,classical,introvert,27/09/2021 15:55,2021,1,FALSE,TRUE,TRUE,FALSE,FALSE,1,31449207,12,2
258,9/27/2021 14:55:42,2021,178,Female,true Brown,3 (22 yo),Right,Oct,Vegetarian,balanced,high calories,normal,Left,9,6.5,average,0.01,below,green,non-motored wheels,50,180,about average,above average,experimental,extravert,27/09/2021 15:55,2021,3,FALSE,FALSE,FALSE,FALSE,TRUE,3,31449214,10,12
259,9/27/2021 14:55:45,2021,194,Male,true Brown,1 (20 years old or below),Left,Dec,Omnivore,carbs,medium calories,normal,Right,8,11,average,150,above,orange,motored,0,170,above average,above average,classical,introvert,27/09/2021 15:55,2021,1,FALSE,TRUE,FALSE,FALSE,FALSE,1,31449217,12,2
260,9/27/2021 14:55:46,2021,175,Male,true Brown,2 (21 yo),Left,Mar,Omnivore,balanced,medium calories,normal,Centre,7,7.5,average,1.00E-04,below,green,motored,50,165,about average,about average,experimental,introvert,27/09/2021 15:55,2021,2,FALSE,FALSE,FALSE,FALSE,TRUE,2,31449218,3,5
261,9/27/2021 14:55:52,2021,180.34,Male,true Brown,2 (21 yo),Right,Mar,Omnivore,fat/carbs/sugar,high calories,not very healthy,Centre,6,11,average,174,below,green,foot,75,166,below average,above average,classical,extravert,27/09/2021 15:55,2021,2,TRUE,TRUE,TRUE,FALSE,FALSE,2,31449224,3,5
262,9/27/2021 14:56:11,2021,173,Female,true Brown,2 (21 yo),Left,May,Omnivore,balanced,medium calories,normal,Left,9,9.5,average,1,below,indigo,foot,50,186,about average,above average,electro / pop,introvert,27/09/2021 15:56,2021,2,FALSE,FALSE,FALSE,FALSE,TRUE,2,31449243,5,7
263,9/27/2021 14:56:17,2021,172,Male,true Blonde,1 (20 years old or below),Left,Dec,Vegetarian,balanced,medium calories,normal,Centre,6,7,average,5,above,red,foot,10,180,about average,about average,classical,introvert,27/09/2021 15:56,2021,1,FALSE,FALSE,FALSE,FALSE,TRUE,1,31449249,12,2
264,9/27/2021 14:56:37,2021,170,NotSaying,dyed / other,1 (20 years old or below),Left,Nov,Omnivore,balanced,medium calories,normal,Centre,8,6,average,160,below,green,foot,5,185,about average,about average,classical,extravert,27/09/2021 15:56,2021,1,FALSE,FALSE,FALSE,FALSE,TRUE,1,31449269,11,1
265,9/27/2021 14:56:58,2021,170,Female,true Blonde,1 (20 years old or below),Right,Dec,Vegetarian,prot,medium calories,normal,Centre,7,4,low income,1.00E-07,below,green,foot,0,175,about average,about average,electro / pop,introvert,27/09/2021 15:56,2021,1,FALSE,FALSE,FALSE,TRUE,FALSE,1,31449290,12,2
266,9/27/2021 14:57:31,2021,176,NotSaying,true Brown,2 (21 yo),Left,Nov,Vegetarian,carbs/balanced,medium calories,normal,Right,9,6,average,100,below,green,foot,0,185,above average,about average,electro / pop,introvert,27/09/2021 15:57,2021,2,FALSE,TRUE,FALSE,FALSE,TRUE,2,31449323,11,1
267,9/27/2021 14:57:36,2021,159,NotSaying,true Brown,2 (21 yo),Right,Jul,Omnivore,balanced,medium calories,normal,Centre,8,3.5,average,140,below,violet,foot,20,170,below average,below average,classical,introvert,27/09/2021 15:57,2021,2,FALSE,FALSE,FALSE,FALSE,TRUE,2,31449328,7,9
268,9/27/2021 14:57:49,2021,182,Male,true Blonde,1 (20 years old or below),Right,Oct,Omnivore,carbs,low calories,normal,Right,9,6.5,average,7.5,below,blue,foot,50,160,below average,about average,classical,introvert,27/09/2021 15:57,2021,1,FALSE,TRUE,FALSE,FALSE,FALSE,1,31449341,10,12
269,9/27/2021 14:57:53,2021,178,Male,true Brown,1 (20 years old or below),Right,Aug,Omnivore,carbs,medium calories,normal,Left,8,8,low income,219,above,indigo,foot,75,168,about average,below average,experimental,extravert,27/09/2021 15:57,2021,1,FALSE,TRUE,FALSE,FALSE,FALSE,1,31449345,8,10
270,9/27/2021 14:58:21,2021,169,Male,true Blonde,1 (20 years old or below),Left,Jan,Omnivore,balanced,medium calories,very healthy,Centre,8,8,average,0.001,above,blue,non-motored wheels,100,170,below average,about average,experimental,introvert,27/09/2021 15:58,2021,1,FALSE,FALSE,FALSE,FALSE,TRUE,1,31449373,1,3
271,9/27/2021 14:58:23,2021,194,Male,true Blonde,2 (21 yo),Right,Jun,Omnivore,balanced,high calories,very healthy,Right,7,11,average,175,above,blue,foot,30,178,above average,above average,experimental,introvert,27/09/2021 15:58,2021,2,FALSE,FALSE,FALSE,FALSE,TRUE,2,31449375,6,8
272,9/27/2021 14:58:34,2021,170,Male,true Black,1 (20 years old or below),Right,May,Omnivore,balanced,medium calories,normal,Centre,9,7.5,average,0.1,above,blue,motored,100,183,below average,about average,experimental,introvert,27/09/2021 15:58,2021,1,FALSE,FALSE,FALSE,FALSE,TRUE,1,31449386,5,7
273,9/27/2021 14:58:43,2021,173,Male,true Black,1 (20 years old or below),Right,Jun,Omnivore,balanced,high calories,normal,Right,9,8,average,35,below,blue,foot,20,183,about average,about average,experimental,introvert,27/09/2021 15:58,2021,1,FALSE,FALSE,FALSE,FALSE,TRUE,1,31449395,6,8
274,9/27/2021 14:59:07,2021,170.18,Female,true Brown,1 (20 years old or below),Right,Nov,Omnivore,carbs,medium calories,normal,Right,9,6,average,5,above,green,foot,0,187.96,above average,about average,experimental,introvert,27/09/2021 15:59,2021,1,FALSE,TRUE,FALSE,FALSE,FALSE,1,31449419,11,1
275,9/27/2021 14:59:29,2021,164,NotSaying,true Blonde,1 (20 years old or below),Left,Dec,Omnivore,carbs/balanced,medium calories,normal,Left,10,6,average,69,below,green,foot,0,145,about average,about average,experimental,introvert,27/09/2021 15:59,2021,1,FALSE,TRUE,FALSE,FALSE,TRUE,1,31449441,12,2
276,9/27/2021 15:00:26,2021,175,Female,true Brown,2 (21 yo),Left,Dec,Omnivore,carbs,low calories,very healthy,Right,8,7,average,150,below,blue,foot,100,190,above average,about average,experimental,introvert,27/09/2021 16:00,2021,2,FALSE,TRUE,FALSE,FALSE,FALSE,2,31449498,12,2
277,9/27/2021 15:00:47,2021,170,Male,true Brown,3 (22 yo),Right,Nov,Omnivore,carbs/prot,high calories,very healthy,Right,7,7.5,wealthy,1.00E-05,above,blue,non-motored wheels,0,170,below average,about average,classical,extravert,27/09/2021 16:00,2021,3,FALSE,TRUE,FALSE,TRUE,FALSE,3,31449519,11,1
278,9/27/2021 15:01:01,2021,168,NotSaying,dyed / other,4 (23 yo),Right,Mar,Vegetarian,balanced,low calories,not very healthy,Left,6,5,wealthy,0.001,below,yellow,non-motored wheels,100,173,about average,about average,experimental,introvert,27/09/2021 16:01,2021,4,FALSE,FALSE,FALSE,FALSE,TRUE,4,31449533,3,5
279,9/27/2021 15:02:13,2021,167,Female,true Brown,1 (20 years old or below),Right,Sept,Omnivore,carbs/balanced,medium calories,normal,Right,8,4,average,95,above,red,foot,0,155,above average,about average,electro / pop,introvert,27/09/2021 16:02,2021,1,FALSE,TRUE,FALSE,FALSE,TRUE,1,31449605,9,11
280,9/27/2021 15:02:19,2021,174,Female,dyed / other,6 (25 yo),Right,Aug,Omnivore,carbs/sugar,medium calories,normal,Right,8,6.5,average,10,below,violet,motored,100,185,about average,above average,classical,introvert,27/09/2021 16:02,2021,6,FALSE,TRUE,TRUE,FALSE,FALSE,6,31449611,8,10
281,9/27/2021 15:02:34,2021,172,Female,true Brown,2 (21 yo),Left,Jul,Omnivore,carbs/prot/balanced,high calories,very healthy,Left,8,6.5,wealthy,120,above,blue,motored,0,193,about average,above average,electro / pop,extravert,27/09/2021 16:02,2021,2,FALSE,TRUE,FALSE,TRUE,TRUE,2,31449626,7,9
282,9/27/2021 15:02:47,2021,163,Female,true Blonde,1 (20 years old or below),Left,Mar,Omnivore,carbs,medium calories,normal,Right,7,5,average,50,above,blue,foot,0,185,about average,above average,electro / pop,introvert,27/09/2021 16:02,2021,1,FALSE,TRUE,FALSE,FALSE,FALSE,1,31449639,3,5
283,9/27/2021 15:04:15,2021,172,Female,true Brown,3 (22 yo),Right,Apr,Omnivore,carbs/prot,medium calories,normal,Centre,9,7,low income,70,above,violet,foot,100,180,above average,about average,classical,introvert,27/09/2021 16:04,2021,3,FALSE,TRUE,FALSE,TRUE,FALSE,3,31449727,4,6
284,9/27/2021 15:09:24,2021,168,Female,true Brown,1 (20 years old or below),Right,Jun,Omnivore,balanced,high calories,normal,Centre,8,6,average,120,below,violet,foot,100,170,about average,about average,classical,introvert,27/09/2021 16:09,2021,1,FALSE,FALSE,FALSE,FALSE,TRUE,1,31450036,6,8
285,9/27/2021 15:11:34,2021,165,NotSaying,true Black,1 (20 years old or below),Left,Aug,Omnivore,balanced,high calories,normal,Left,9,4,wealthy,70,above,violet,motored,0,170,about average,about average,electro / pop,extravert,27/09/2021 16:11,2021,1,FALSE,FALSE,FALSE,FALSE,TRUE,1,31450166,8,10
286,9/27/2021 15:12:15,2021,172,Female,true Brown,5 (24 yo),Left,Jul,Vegetarian,fat/carbs/sugar,high calories,not very healthy,Centre,8,6,average,70,below,yellow,foot,100,187.96,about average,about average,experimental,introvert,27/09/2021 16:12,2021,5,TRUE,TRUE,TRUE,FALSE,FALSE,5,31450207,7,9
287,9/27/2021 15:17:43,2021,175,Female,true Brown,3 (22 yo),Right,Jan,Omnivore,balanced,medium calories,normal,Left,7,6,average,100,below,blue,foot,0,190,above average,about average,experimental,introvert,27/09/2021 16:17,2021,3,FALSE,FALSE,FALSE,FALSE,TRUE,3,31450535,1,3
288,9/27/2021 15:21:58,2021,175,Male,true Brown,7 (26 yo or above),Right,Jul,Omnivore,fat/sugar,high calories,not very healthy,Centre,8,9.5,average,160,above,blue,foot,100,160,below average,above average,classical,introvert,27/09/2021 16:21,2021,7,TRUE,FALSE,TRUE,FALSE,FALSE,7,31450790,7,9
289,9/27/2021 15:24:29,2021,158,Female,true Brown,3 (22 yo),Left,Jun,Vegetarian,balanced,medium calories,normal,Left,9,3.5,average,1.00E+08,below,indigo,foot,66,187,below average,about average,experimental,introvert,27/09/2021 16:24,2021,3,FALSE,FALSE,FALSE,FALSE,TRUE,3,31450941,6,8
290,9/27/2021 15:28:42,2021,177,Female,true Blonde,2 (21 yo),Right,Mar,Vegetarian,balanced,medium calories,normal,Centre,8,5,wealthy,100,above,blue,foot,50,196,above average,above average,experimental,extravert,27/09/2021 16:28,2021,2,FALSE,FALSE,FALSE,FALSE,TRUE,2,31451194,3,5
291,9/27/2021 15:29:54,2021,173,Female,true Brown,1 (20 years old or below),Right,Mar,Omnivore,balanced,medium calories,normal,Centre,8,6,average,1,below,violet,motored,50,185,about average,about average,classical,introvert,27/09/2021 16:29,2021,1,FALSE,FALSE,FALSE,FALSE,TRUE,1,31451266,3,5
292,9/27/2021 15:41:59,2021,170,Male,true Brown,2 (21 yo),Left,Apr,Omnivore,balanced,medium calories,not very healthy,Left,8,8,low income,1,above,red,foot,0,172,below average,about average,classical,introvert,27/09/2021 16:41,2021,2,FALSE,FALSE,FALSE,FALSE,TRUE,2,31451991,4,6
293,9/27/2021 15:46:00,2021,185,Male,true Brown,3 (22 yo),Left,Mar,Omnivore,balanced,medium calories,very healthy,Centre,8,10.5,wealthy,100,above,yellow,non-motored wheels,100,178,above average,above average,Afrobeat,introvert,27/09/2021 16:46,2021,3,FALSE,FALSE,FALSE,FALSE,TRUE,3,31452232,3,5
294,9/27/2021 15:48:05,2021,167,Female,true Brown,1 (20 years old or below),Right,Jul,Omnivore,balanced,medium calories,normal,Right,9,7.5,average,150,below,yellow,foot,100,175,above average,about average,experimental,introvert,27/09/2021 16:48,2021,1,FALSE,FALSE,FALSE,FALSE,TRUE,1,31452357,7,9
295,9/27/2021 15:57:17,2021,159,Female,true Brown,2 (21 yo),Left,Oct,Omnivore,balanced,high calories,normal,Left,7,4,wealthy,100,below,red,non-motored wheels,100,180,about average,below average,experimental,introvert,27/09/2021 16:57,2021,2,FALSE,FALSE,FALSE,FALSE,TRUE,2,31452909,10,12
296,9/27/2021 17:11:51,2021,169,Female,true Brown,1 (20 years old or below),Left,Apr,Vegetarian,sugar/balanced,medium calories,normal,Right,9,5,average,100,above,green,foot,0,178,above average,below average,experimental,introvert,27/09/2021 18:11,2021,1,FALSE,FALSE,TRUE,FALSE,TRUE,1,31457383,4,6
297,9/27/2021 17:12:16,2021,175,Female,true Brown,2 (21 yo),Left,Aug,Vegetarian,balanced,medium calories,normal,Left,8,5,low income,132,below,green,foot,85,180,about average,about average,experimental,introvert,27/09/2021 18:12,2021,2,FALSE,FALSE,FALSE,FALSE,TRUE,2,31457408,8,10
298,9/27/2021 17:46:43,2021,158,Female,true Black,1 (20 years old or below),Right,Oct,Omnivore,balanced,high calories,very healthy,Right,9,5,average,100,below,red,foot,0,168,about average,about average,experimental,introvert,27/09/2021 18:46,2021,1,FALSE,FALSE,FALSE,FALSE,TRUE,1,31459475,10,12
