,Timestamp,Height,Gender,HairColour,AgeCat,ArmsFolding,BirthMonth,DietType,DietChild1,DietChild2,DietChild3,TheatreSection,HoursSleep,ShoeSize,Upbringing,AllienSize,IQ,PreferredColour,Travel,ExpenseContrib,DreamPartner,Mother,Father,BeethovEvol,Temperament,times,Year,AgeNumeric,Diet1.HiFat,Diet1.HiCarb,Diet1.HiSug,Diet1.HiProt,Diet1.Bal,AgeCont,tss,BirthMonth.Cont,BirthMonth.Nepal
194,9/27/2021 13:27:45,189,Male,true Brown,1 (20 years old or below),Left,Feb,Omnivore,balanced,medium calories,normal,Centre,9,11,average,175,below,green,foot,50,170,above average,about average,classical,introvert,2021-09-27 14:27:45,2021,1,FALSE,FALSE,FALSE,FALSE,TRUE,1,31443937,2,4
195,9/27/2021 14:31:57,166,Female,dyed / other,1 (20 years old or below),Right,Sept,Omnivore,balanced,medium calories,normal,Centre,8,4,wealthy,243,above,violet,foot,75,170,about average,about average,experimental,extravert,2021-09-27 15:31:57,2021,1,FALSE,FALSE,FALSE,FALSE,TRUE,1,31447789,9,11
196,9/27/2021 14:49:12,155,Female,true Red,1 (20 years old or below),Right,Apr,Omnivore,balanced,medium calories,very healthy,Centre,8,4,wealthy,1e+06,below,yellow,motored,0,193.04,below average,below average,experimental,extravert,2021-09-27 15:49:12,2021,1,FALSE,FALSE,FALSE,FALSE,TRUE,1,31448824,4,6
197,9/27/2021 14:49:19,187,Male,true Brown,1 (20 years old or below),Right,Jan,Omnivore,balanced,medium calories,normal,Centre,8,8,wealthy,0.01,above,red,foot,50,165,about average,above average,electro / pop,introvert,2021-09-27 15:49:19,2021,1,FALSE,FALSE,FALSE,FALSE,TRUE,1,31448831,1,3
198,9/27/2021 14:49:35,175,Female,dyed / other,1 (20 years old or below),Right,Mar,Omnivore,balanced,medium calories,normal,Left,12,6,average,5,below,indigo,motored,100,198,below average,about average,experimental,introvert,2021-09-27 15:49:35,2021,1,FALSE,FALSE,FALSE,FALSE,TRUE,1,31448847,3,5
199,9/27/2021 14:49:38,155,Female,true Blonde,4 (23 yo),Right,Apr,Vegetarian,carbs,medium calories,normal,Centre,8,5,average,1,below,indigo,foot,100,185,about average,below average,electro / pop,extravert,2021-09-27 15:49:38,2021,4,FALSE,TRUE,FALSE,FALSE,FALSE,4,31448850,4,6
200,9/27/2021 14:49:40,169,Female,true Blonde,2 (21 yo),Left,Jan,Omnivore,balanced,medium calories,very healthy,Left,6,4,wealthy,0.001,below,green,motored,0,180,above average,about average,experimental,introvert,2021-09-27 15:49:40,2021,2,FALSE,FALSE,FALSE,FALSE,TRUE,2,31448852,1,3
201,9/27/2021 14:49:47,185,Male,true Blonde,1 (20 years old or below),Left,Mar,Vegetarian,balanced,medium calories,normal,Centre,8,8,average,168,below,green,foot,65,175,about average,about average,classical,extravert,2021-09-27 15:49:47,2021,1,FALSE,FALSE,FALSE,FALSE,TRUE,1,31448859,3,5
202,9/27/2021 14:49:51,180,Male,dyed / other,7 (26 yo or above),Left,Oct,Omnivore,balanced,high calories,very healthy,Right,7.5,11,average,1e-04,above,red,foot,100,170,about average,above average,experimental,extravert,2021-09-27 15:49:51,2021,7,FALSE,FALSE,FALSE,FALSE,TRUE,7,31448863,10,12
203,9/27/2021 14:49:54,173,Female,true Brown,1 (20 years old or below),Left,Jul,Omnivore,carbs/sugar/prot,medium calories,normal,Right,8,7.5,average,3,above,yellow,foot,0,183,about average,about average,experimental,introvert,2021-09-27 15:49:54,2021,1,FALSE,TRUE,TRUE,TRUE,FALSE,1,31448866,7,9
204,9/27/2021 14:49:59,165,Female,true Brown,1 (20 years old or below),Left,Dec,Vegetarian,balanced,medium calories,normal,Centre,9,5,average,150,above,blue,motored,50,180,below average,above average,experimental,introvert,2021-09-27 15:49:59,2021,1,FALSE,FALSE,FALSE,FALSE,TRUE,1,31448871,12,2
205,9/27/2021 14:50:03,169,Female,true Blonde,1 (20 years old or below),Left,Sept,Omnivore,balanced,high calories,normal,Left,6,6.5,wealthy,145,above,red,foot,0,190,about average,about average,experimental,extravert,2021-09-27 15:50:03,2021,1,FALSE,FALSE,FALSE,FALSE,TRUE,1,31448875,9,11
206,9/27/2021 14:50:30,195,Male,true Brown,1 (20 years old or below),Right,Dec,Vegetarian,balanced,medium calories,very healthy,Left,7,12,wealthy,60,below,orange,non-motored wheels,100,168,above average,above average,experimental,extravert,2021-09-27 15:50:30,2021,1,FALSE,FALSE,FALSE,FALSE,TRUE,1,31448902,12,2
207,9/27/2021 14:50:36,155,Female,true Brown,1 (20 years old or below),Right,Apr,Omnivore,balanced,medium calories,normal,Left,9,4,average,3,below,yellow,foot,0,180,below average,about average,Afrobeat,introvert,2021-09-27 15:50:36,2021,1,FALSE,FALSE,FALSE,FALSE,TRUE,1,31448908,4,6
208,9/27/2021 14:50:41,188,NotSaying,true Brown,1 (20 years old or below),Left,Sept,Vegetarian,fat/sugar,high calories,not very healthy,Right,7,11,wealthy,2,above,indigo,foot,20,200,about average,above average,classical,extravert,2021-09-27 15:50:41,2021,1,TRUE,FALSE,TRUE,FALSE,FALSE,1,31448913,9,11
209,9/27/2021 14:50:44,173,NotSaying,true Blonde,1 (20 years old or below),Right,Nov,Omnivore,balanced,medium calories,normal,Centre,8.5,6,average,1,above,blue,foot,0,170,about average,about average,classical,introvert,2021-09-27 15:50:44,2021,1,FALSE,FALSE,FALSE,FALSE,TRUE,1,31448916,11,1
210,9/27/2021 14:50:51,161,Female,true Brown,2 (21 yo),Left,Apr,Omnivore,balanced,medium calories,normal,Centre,8,3.5,average,1e-05,below,blue,foot,0,170,about average,below average,classical,extravert,2021-09-27 15:50:51,2021,2,FALSE,FALSE,FALSE,FALSE,TRUE,2,31448923,4,6
211,9/27/2021 14:50:54,164,Female,dyed / other,4 (23 yo),Left,Jul,Vegetarian,balanced,medium calories,normal,Centre,6,5,average,0.005,below,yellow,motored,100,175,about average,about average,experimental,introvert,2021-09-27 15:50:54,2021,4,FALSE,FALSE,FALSE,FALSE,TRUE,4,31448926,7,9
212,9/27/2021 14:51:02,162,Female,true Brown,1 (20 years old or below),Left,Jul,Omnivore,fat/carbs,medium calories,normal,Centre,7,5,average,10,below,orange,motored,0,195,about average,about average,classical,introvert,2021-09-27 15:51:02,2021,1,TRUE,TRUE,FALSE,FALSE,FALSE,1,31448934,7,9
213,9/27/2021 14:51:21,170,Female,true Brown,1 (20 years old or below),Left,Dec,Omnivore,balanced,high calories,normal,Left,9,6,average,25,below,violet,foot,50,182,about average,about average,experimental,introvert,2021-09-27 15:51:21,2021,1,FALSE,FALSE,FALSE,FALSE,TRUE,1,31448953,12,2
214,9/27/2021 14:51:23,185,Male,true Brown,2 (21 yo),Left,Dec,Vegetarian,carbs/sugar,low calories,not very healthy,Left,9,9.5,low income,1e-04,below,indigo,foot,10,190,below average,about average,experimental,introvert,2021-09-27 15:51:23,2021,2,FALSE,TRUE,TRUE,FALSE,FALSE,2,31448955,12,2
215,9/27/2021 14:51:42,162,Female,dyed / other,1 (20 years old or below),Right,Aug,Omnivore,carbs/balanced,medium calories,normal,Right,8,4,average,5,below,green,foot,50,170,about average,about average,experimental,extravert,2021-09-27 15:51:42,2021,1,FALSE,TRUE,FALSE,FALSE,TRUE,1,31448974,8,10
216,9/27/2021 14:51:43,175,Female,dyed / other,2 (21 yo),Right,Jan,Omnivore,balanced,medium calories,normal,Left,10,6.5,average,250,above,violet,motored,90,190,below average,above average,classical,extravert,2021-09-27 15:51:43,2021,2,FALSE,FALSE,FALSE,FALSE,TRUE,2,31448975,1,3
217,9/27/2021 14:51:49,183,Male,true Red,1 (20 years old or below),Left,Nov,Omnivore,carbs/prot,high calories,normal,Right,9,10.5,average,3,below,violet,foot,60,170,above average,about average,experimental,introvert,2021-09-27 15:51:49,2021,1,FALSE,TRUE,FALSE,TRUE,FALSE,1,31448981,11,1
218,9/27/2021 14:51:53,172,Female,dyed / other,2 (21 yo),Left,Sept,Omnivore,carbs/sugar,medium calories,not very healthy,Left,8,8,low income,213,below,yellow,foot,80,180,about average,above average,classical,introvert,2021-09-27 15:51:53,2021,2,FALSE,TRUE,TRUE,FALSE,FALSE,2,31448985,9,11
219,9/27/2021 14:51:53,151,Female,true Blonde,7 (26 yo or above),Left,Sept,Omnivore,sugar,medium calories,normal,Centre,8,5,low income,100,above,indigo,motored,10,178,below average,below average,classical,introvert,2021-09-27 15:51:53,2021,7,FALSE,FALSE,TRUE,FALSE,FALSE,7,31448985,9,11
220,9/27/2021 14:51:53,165,Female,true Blonde,2 (21 yo),Left,Aug,Vegetarian,carbs/balanced,medium calories,normal,Left,8,3.5,average,5,below,green,motored,0,200,above average,below average,electro / pop,extravert,2021-09-27 15:51:53,2021,2,FALSE,TRUE,FALSE,FALSE,TRUE,2,31448985,8,10
221,9/27/2021 14:51:54,184,Male,true Brown,1 (20 years old or below),Left,Apr,Omnivore,prot,high calories,very healthy,Right,6,13,wealthy,1e-06,below,red,foot,100,173,above average,about average,classical,introvert,2021-09-27 15:51:54,2021,1,FALSE,FALSE,FALSE,TRUE,FALSE,1,31448986,4,6
222,9/27/2021 14:51:57,163,Female,true Brown,3 (22 yo),Left,Jan,Vegetarian,carbs/prot,medium calories,very healthy,Centre,9,5,average,213.36,below,violet,motored,100,187.96,about average,about average,experimental,introvert,2021-09-27 15:51:57,2021,3,FALSE,TRUE,FALSE,TRUE,FALSE,3,31448989,1,3
223,9/27/2021 14:52:00,174,Female,true Brown,2 (21 yo),Right,Jan,Vegetarian,balanced,medium calories,very healthy,Centre,8,7,average,1e-05,above,blue,foot,70,185,above average,above average,experimental,introvert,2021-09-27 15:52:00,2021,2,FALSE,FALSE,FALSE,FALSE,TRUE,2,31448992,1,3
224,9/27/2021 14:52:04,160,Female,true Brown,1 (20 years old or below),Left,May,Omnivore,balanced,high calories,normal,Right,8,6.5,average,5,below,green,foot,50,177,about average,about average,experimental,introvert,2021-09-27 15:52:04,2021,1,FALSE,FALSE,FALSE,FALSE,TRUE,1,31448996,5,7
225,9/27/2021 14:52:14,171,Male,true Brown,1 (20 years old or below),Left,Dec,Omnivore,carbs/balanced,medium calories,very healthy,Right,9,7,wealthy,1e-05,below,indigo,non-motored wheels,20,170,above average,about average,experimental,introvert,2021-09-27 15:52:14,2021,1,FALSE,TRUE,FALSE,FALSE,TRUE,1,31449006,12,2
226,9/27/2021 14:52:22,178,Male,true Brown,1 (20 years old or below),Right,Apr,Omnivore,balanced,medium calories,normal,Centre,7,8,average,200,below,green,foot,100,182,about average,below average,experimental,introvert,2021-09-27 15:52:22,2021,1,FALSE,FALSE,FALSE,FALSE,TRUE,1,31449014,4,6
227,9/27/2021 14:52:26,165,Female,true Blonde,1 (20 years old or below),Left,Oct,Omnivore,balanced,medium calories,normal,Left,8,7,average,5,below,violet,foot,100,180,about average,above average,classical,introvert,2021-09-27 15:52:26,2021,1,FALSE,FALSE,FALSE,FALSE,TRUE,1,31449018,10,12
228,9/27/2021 14:52:27,163,Female,true Blonde,1 (20 years old or below),Right,Nov,Omnivore,carbs/balanced,medium calories,very healthy,Left,9,5,wealthy,50,below,violet,foot,0,170,above average,about average,experimental,extravert,2021-09-27 15:52:27,2021,1,FALSE,TRUE,FALSE,FALSE,TRUE,1,31449019,11,1
229,9/27/2021 14:52:30,187,Male,true Brown,2 (21 yo),Left,Feb,Omnivore,balanced,medium calories,normal,Centre,8,9.5,wealthy,120,above,yellow,foot,80,185,below average,about average,experimental,extravert,2021-09-27 15:52:30,2021,2,FALSE,FALSE,FALSE,FALSE,TRUE,2,31449022,2,4
230,9/27/2021 14:52:34,160,Female,true Brown,2 (21 yo),Right,Dec,Omnivore,carbs,medium calories,normal,Right,8,3.5,average,140,below,green,foot,100,180,below average,below average,electro / pop,introvert,2021-09-27 15:52:34,2021,2,FALSE,TRUE,FALSE,FALSE,FALSE,2,31449026,12,2
231,9/27/2021 14:52:41,181,Female,true Brown,4 (23 yo),Left,Dec,Vegetarian,carbs,medium calories,normal,Left,5,8,average,5,above,blue,foot,100,195,about average,above average,classical,introvert,2021-09-27 15:52:41,2021,4,FALSE,TRUE,FALSE,FALSE,FALSE,4,31449033,12,2
232,9/27/2021 14:52:44,169,Female,true Brown,1 (20 years old or below),Left,Jun,Omnivore,carbs/prot/balanced,high calories,normal,Left,8,6.5,average,100,below,violet,foot,80,175,below average,below average,experimental,introvert,2021-09-27 15:52:44,2021,1,FALSE,TRUE,FALSE,TRUE,TRUE,1,31449036,6,8
233,9/27/2021 14:52:45,170,Female,true Red,6 (25 yo),Left,Jul,Omnivore,carbs/sugar,medium calories,normal,Left,9,7.5,average,10,below,blue,motored,36,182,about average,below average,classical,introvert,2021-09-27 15:52:45,2021,6,FALSE,TRUE,TRUE,FALSE,FALSE,6,31449037,7,9
234,9/27/2021 14:52:48,174,Female,true Blonde,1 (20 years old or below),Right,May,Omnivore,carbs/prot/balanced,medium calories,normal,Centre,6,6,average,200,above,orange,foot,60,180,about average,about average,experimental,introvert,2021-09-27 15:52:48,2021,1,FALSE,TRUE,FALSE,TRUE,TRUE,1,31449040,5,7
235,9/27/2021 14:52:49,167,Female,true Blonde,3 (22 yo),Right,Jun,Omnivore,balanced,medium calories,normal,Right,6,6,low income,213,below,blue,foot,100,195,about average,about average,classical,introvert,2021-09-27 15:52:49,2021,3,FALSE,FALSE,FALSE,FALSE,TRUE,3,31449041,6,8
236,9/27/2021 14:53:00,164,Female,true Brown,1 (20 years old or below),Right,Nov,Vegetarian,balanced,medium calories,normal,Right,7,6,average,200,below,yellow,foot,0,188,about average,above average,experimental,introvert,2021-09-27 15:53:00,2021,1,FALSE,FALSE,FALSE,FALSE,TRUE,1,31449052,11,1
237,9/27/2021 14:53:04,176,Male,true Black,4 (23 yo),Left,Feb,Omnivore,carbs,medium calories,normal,Left,8,7.5,average,200,above,yellow,motored,50,183,below average,about average,classical,extravert,2021-09-27 15:53:04,2021,4,FALSE,TRUE,FALSE,FALSE,FALSE,4,31449056,2,4
238,9/27/2021 14:53:04,170,NotSaying,true Blonde,4 (23 yo),Right,Sept,Vegetarian,balanced,high calories,normal,Right,6,6,average,156,below,blue,foot,100,190,above average,above average,experimental,introvert,2021-09-27 15:53:04,2021,4,FALSE,FALSE,FALSE,FALSE,TRUE,4,31449056,9,11
239,9/27/2021 14:53:06,182,Female,true Red,7 (26 yo or above),Right,Sept,Omnivore,sugar,medium calories,normal,Centre,8,7.5,average,140,above,violet,foot,100,180,about average,above average,classical,extravert,2021-09-27 15:53:06,2021,7,FALSE,FALSE,TRUE,FALSE,FALSE,7,31449058,9,11
240,9/27/2021 14:53:11,165,Female,true Brown,1 (20 years old or below),Right,Jan,Vegetarian,sugar/balanced,low calories,not very healthy,Right,9,6,average,130,above,red,foot,0,175,below average,about average,classical,introvert,2021-09-27 15:53:11,2021,1,FALSE,FALSE,TRUE,FALSE,TRUE,1,31449063,1,3
241,9/27/2021 14:53:16,176,Female,true Red,1 (20 years old or below),Right,Sept,Vegetarian,carbs/balanced,medium calories,normal,Right,8,7,wealthy,20,below,violet,foot,50,193,above average,above average,experimental,introvert,2021-09-27 15:53:16,2021,1,FALSE,TRUE,FALSE,FALSE,TRUE,1,31449068,9,11
242,9/27/2021 14:53:16,183,Male,true Brown,1 (20 years old or below),Right,Mar,Omnivore,balanced,medium calories,very healthy,Right,8,12,low income,200,below,blue,motored,0,152,above average,about average,classical,introvert,2021-09-27 15:53:16,2021,1,FALSE,FALSE,FALSE,FALSE,TRUE,1,31449068,3,5
243,9/27/2021 14:53:20,165,Female,true Brown,1 (20 years old or below),Right,Aug,Vegetarian,carbs,medium calories,very healthy,Right,8,7,average,1,below,green,foot,0,183,above average,about average,experimental,introvert,2021-09-27 15:53:20,2021,1,FALSE,TRUE,FALSE,FALSE,FALSE,1,31449072,8,10
244,9/27/2021 14:53:42,165,Female,true Brown,1 (20 years old or below),Right,Jun,Omnivore,carbs,medium calories,normal,Centre,9,5,average,3,below,blue,foot,10,180,about average,below average,classical,introvert,2021-09-27 15:53:42,2021,1,FALSE,TRUE,FALSE,FALSE,FALSE,1,31449094,6,8
245,9/27/2021 14:53:53,170,Female,dyed / other,2 (21 yo),Right,Mar,Omnivore,carbs/prot/balanced,low calories,very healthy,Right,8,5,wealthy,35,above,yellow,non-motored wheels,90,190,about average,about average,classical,extravert,2021-09-27 15:53:53,2021,2,FALSE,TRUE,FALSE,TRUE,TRUE,2,31449105,3,5
246,9/27/2021 14:54:09,175,Female,true Blonde,1 (20 years old or below),Left,May,Omnivore,carbs,medium calories,very healthy,Centre,8,6,average,91,below,green,foot,0,175,above average,about average,experimental,introvert,2021-09-27 15:54:09,2021,1,FALSE,TRUE,FALSE,FALSE,FALSE,1,31449121,5,7
247,9/27/2021 14:54:23,170,Female,dyed / other,1 (20 years old or below),Right,Dec,Omnivore,balanced,medium calories,very healthy,Right,8,6,average,100,above,blue,motored,80,190,about average,about average,classical,introvert,2021-09-27 15:54:23,2021,1,FALSE,FALSE,FALSE,FALSE,TRUE,1,31449135,12,2
248,9/27/2021 14:54:38,169,Female,true Brown,4 (23 yo),Right,Dec,Vegetarian,balanced,medium calories,normal,Right,8,5,average,5,below,green,foot,100,182,above average,about average,classical,introvert,2021-09-27 15:54:38,2021,4,FALSE,FALSE,FALSE,FALSE,TRUE,4,31449150,12,2
249,9/27/2021 14:54:42,175,Female,dyed / other,1 (20 years old or below),Left,Nov,Omnivore,balanced,medium calories,normal,Left,4,7,average,1,below,green,foot,10,178,about average,above average,experimental,introvert,2021-09-27 15:54:42,2021,1,FALSE,FALSE,FALSE,FALSE,TRUE,1,31449154,11,1
250,9/27/2021 14:54:45,174,Female,dyed / other,2 (21 yo),Left,Jan,Vegetarian,prot/balanced,medium calories,very healthy,Left,7,7,average,1,above,blue,foot,0,186,above average,above average,experimental,introvert,2021-09-27 15:54:45,2021,2,FALSE,FALSE,FALSE,TRUE,TRUE,2,31449157,1,3
251,9/27/2021 14:54:47,174,Female,true Red,1 (20 years old or below),Right,Dec,Omnivore,balanced,medium calories,normal,Centre,9,5,wealthy,150,above,violet,foot,100,188,about average,above average,classical,introvert,2021-09-27 15:54:47,2021,1,FALSE,FALSE,FALSE,FALSE,TRUE,1,31449159,12,2
252,9/27/2021 14:55:07,163,Female,true Brown,3 (22 yo),Left,Sept,Omnivore,balanced,medium calories,very healthy,Left,9,3.5,average,100,below,blue,foot,30,175,about average,below average,classical,introvert,2021-09-27 15:55:07,2021,3,FALSE,FALSE,FALSE,FALSE,TRUE,3,31449179,9,11
253,9/27/2021 14:55:13,162,Female,dyed / other,1 (20 years old or below),Left,May,Omnivore,carbs/sugar,low calories,not very healthy,Left,10,4,low income,1e-05,below,yellow,motored,50,185,about average,about average,experimental,introvert,2021-09-27 15:55:13,2021,1,FALSE,TRUE,TRUE,FALSE,FALSE,1,31449185,5,7
254,9/27/2021 14:55:25,170,Female,dyed / other,1 (20 years old or below),Right,May,Vegetarian,carbs/prot,medium calories,normal,Right,14,7,low income,0.5,below,violet,foot,0,180,below average,above average,experimental,introvert,2021-09-27 15:55:25,2021,1,FALSE,TRUE,FALSE,TRUE,FALSE,1,31449197,5,7
255,9/27/2021 14:55:27,154.94,Female,true Brown,2 (21 yo),Left,Sept,Vegetarian,balanced,medium calories,normal,Centre,6,6,average,3,below,blue,foot,100,186.66,below average,about average,classical,introvert,2021-09-27 15:55:27,2021,2,FALSE,FALSE,FALSE,FALSE,TRUE,2,31449199,9,11
256,9/27/2021 14:55:33,157,Female,true Red,4 (23 yo),Left,Jul,Vegetarian,balanced,medium calories,normal,Right,6,5,wealthy,0.1,below,yellow,foot,90,173,about average,below average,experimental,introvert,2021-09-27 15:55:33,2021,4,FALSE,FALSE,FALSE,FALSE,TRUE,4,31449205,7,9
257,9/27/2021 14:55:35,157,Female,true Blonde,1 (20 years old or below),Left,Dec,Omnivore,carbs/sugar,medium calories,not very healthy,Right,8,6,average,10,below,violet,foot,90,182,about average,below average,classical,introvert,2021-09-27 15:55:35,2021,1,FALSE,TRUE,TRUE,FALSE,FALSE,1,31449207,12,2
258,9/27/2021 14:55:42,178,Female,true Brown,3 (22 yo),Right,Oct,Vegetarian,balanced,high calories,normal,Left,9,6.5,average,0.01,below,green,non-motored wheels,50,180,about average,above average,experimental,extravert,2021-09-27 15:55:42,2021,3,FALSE,FALSE,FALSE,FALSE,TRUE,3,31449214,10,12
259,9/27/2021 14:55:45,194,Male,true Brown,1 (20 years old or below),Left,Dec,Omnivore,carbs,medium calories,normal,Right,8,11,average,150,above,orange,motored,0,170,above average,above average,classical,introvert,2021-09-27 15:55:45,2021,1,FALSE,TRUE,FALSE,FALSE,FALSE,1,31449217,12,2
260,9/27/2021 14:55:46,175,Male,true Brown,2 (21 yo),Left,Mar,Omnivore,balanced,medium calories,normal,Centre,7,7.5,average,1e-04,below,green,motored,50,165,about average,about average,experimental,introvert,2021-09-27 15:55:46,2021,2,FALSE,FALSE,FALSE,FALSE,TRUE,2,31449218,3,5
261,9/27/2021 14:55:52,180.34,Male,true Brown,2 (21 yo),Right,Mar,Omnivore,fat/carbs/sugar,high calories,not very healthy,Centre,6,11,average,174,below,green,foot,75,166,below average,above average,classical,extravert,2021-09-27 15:55:52,2021,2,TRUE,TRUE,TRUE,FALSE,FALSE,2,31449224,3,5
262,9/27/2021 14:56:11,173,Female,true Brown,2 (21 yo),Left,May,Omnivore,balanced,medium calories,normal,Left,9,9.5,average,1,below,indigo,foot,50,186,about average,above average,electro / pop,introvert,2021-09-27 15:56:11,2021,2,FALSE,FALSE,FALSE,FALSE,TRUE,2,31449243,5,7
263,9/27/2021 14:56:17,172,Male,true Blonde,1 (20 years old or below),Left,Dec,Vegetarian,balanced,medium calories,normal,Centre,6,7,average,5,above,red,foot,10,180,about average,about average,classical,introvert,2021-09-27 15:56:17,2021,1,FALSE,FALSE,FALSE,FALSE,TRUE,1,31449249,12,2
264,9/27/2021 14:56:37,170,NotSaying,dyed / other,1 (20 years old or below),Left,Nov,Omnivore,balanced,medium calories,normal,Centre,8,6,average,160,below,green,foot,5,185,about average,about average,classical,extravert,2021-09-27 15:56:37,2021,1,FALSE,FALSE,FALSE,FALSE,TRUE,1,31449269,11,1
265,9/27/2021 14:56:58,170,Female,true Blonde,1 (20 years old or below),Right,Dec,Vegetarian,prot,medium calories,normal,Centre,7,4,low income,1e-07,below,green,foot,0,175,about average,about average,electro / pop,introvert,2021-09-27 15:56:58,2021,1,FALSE,FALSE,FALSE,TRUE,FALSE,1,31449290,12,2
266,9/27/2021 14:57:31,176,NotSaying,true Brown,2 (21 yo),Left,Nov,Vegetarian,carbs/balanced,medium calories,normal,Right,9,6,average,100,below,green,foot,0,185,above average,about average,electro / pop,introvert,2021-09-27 15:57:31,2021,2,FALSE,TRUE,FALSE,FALSE,TRUE,2,31449323,11,1
267,9/27/2021 14:57:36,159,NotSaying,true Brown,2 (21 yo),Right,Jul,Omnivore,balanced,medium calories,normal,Centre,8,3.5,average,140,below,violet,foot,20,170,below average,below average,classical,introvert,2021-09-27 15:57:36,2021,2,FALSE,FALSE,FALSE,FALSE,TRUE,2,31449328,7,9
268,9/27/2021 14:57:49,182,Male,true Blonde,1 (20 years old or below),Right,Oct,Omnivore,carbs,low calories,normal,Right,9,6.5,average,7.5,below,blue,foot,50,160,below average,about average,classical,introvert,2021-09-27 15:57:49,2021,1,FALSE,TRUE,FALSE,FALSE,FALSE,1,31449341,10,12
269,9/27/2021 14:57:53,178,Male,true Brown,1 (20 years old or below),Right,Aug,Omnivore,carbs,medium calories,normal,Left,8,8,low income,219,above,indigo,foot,75,168,about average,below average,experimental,extravert,2021-09-27 15:57:53,2021,1,FALSE,TRUE,FALSE,FALSE,FALSE,1,31449345,8,10
270,9/27/2021 14:58:21,169,Male,true Blonde,1 (20 years old or below),Left,Jan,Omnivore,balanced,medium calories,very healthy,Centre,8,8,average,0.001,above,blue,non-motored wheels,100,170,below average,about average,experimental,introvert,2021-09-27 15:58:21,2021,1,FALSE,FALSE,FALSE,FALSE,TRUE,1,31449373,1,3
271,9/27/2021 14:58:23,194,Male,true Blonde,2 (21 yo),Right,Jun,Omnivore,balanced,high calories,very healthy,Right,7,11,average,175,above,blue,foot,30,178,above average,above average,experimental,introvert,2021-09-27 15:58:23,2021,2,FALSE,FALSE,FALSE,FALSE,TRUE,2,31449375,6,8
272,9/27/2021 14:58:34,170,Male,true Black,1 (20 years old or below),Right,May,Omnivore,balanced,medium calories,normal,Centre,9,7.5,average,0.1,above,blue,motored,100,183,below average,about average,experimental,introvert,2021-09-27 15:58:34,2021,1,FALSE,FALSE,FALSE,FALSE,TRUE,1,31449386,5,7
273,9/27/2021 14:58:43,173,Male,true Black,1 (20 years old or below),Right,Jun,Omnivore,balanced,high calories,normal,Right,9,8,average,35,below,blue,foot,20,183,about average,about average,experimental,introvert,2021-09-27 15:58:43,2021,1,FALSE,FALSE,FALSE,FALSE,TRUE,1,31449395,6,8
274,9/27/2021 14:59:07,170.18,Female,true Brown,1 (20 years old or below),Right,Nov,Omnivore,carbs,medium calories,normal,Right,9,6,average,5,above,green,foot,0,187.96,above average,about average,experimental,introvert,2021-09-27 15:59:07,2021,1,FALSE,TRUE,FALSE,FALSE,FALSE,1,31449419,11,1
275,9/27/2021 14:59:29,164,NotSaying,true Blonde,1 (20 years old or below),Left,Dec,Omnivore,carbs/balanced,medium calories,normal,Left,10,6,average,69,below,green,foot,0,145,about average,about average,experimental,introvert,2021-09-27 15:59:29,2021,1,FALSE,TRUE,FALSE,FALSE,TRUE,1,31449441,12,2
276,9/27/2021 15:00:26,175,Female,true Brown,2 (21 yo),Left,Dec,Omnivore,carbs,low calories,very healthy,Right,8,7,average,150,below,blue,foot,100,190,above average,about average,experimental,introvert,2021-09-27 16:00:26,2021,2,FALSE,TRUE,FALSE,FALSE,FALSE,2,31449498,12,2
277,9/27/2021 15:00:47,170,Male,true Brown,3 (22 yo),Right,Nov,Omnivore,carbs/prot,high calories,very healthy,Right,7,7.5,wealthy,1e-05,above,blue,non-motored wheels,0,170,below average,about average,classical,extravert,2021-09-27 16:00:47,2021,3,FALSE,TRUE,FALSE,TRUE,FALSE,3,31449519,11,1
278,9/27/2021 15:01:01,168,NotSaying,dyed / other,4 (23 yo),Right,Mar,Vegetarian,balanced,low calories,not very healthy,Left,6,5,wealthy,0.001,below,yellow,non-motored wheels,100,173,about average,about average,experimental,introvert,2021-09-27 16:01:01,2021,4,FALSE,FALSE,FALSE,FALSE,TRUE,4,31449533,3,5
279,9/27/2021 15:02:13,167,Female,true Brown,1 (20 years old or below),Right,Sept,Omnivore,carbs/balanced,medium calories,normal,Right,8,4,average,95,above,red,foot,0,155,above average,about average,electro / pop,introvert,2021-09-27 16:02:13,2021,1,FALSE,TRUE,FALSE,FALSE,TRUE,1,31449605,9,11
280,9/27/2021 15:02:19,174,Female,dyed / other,6 (25 yo),Right,Aug,Omnivore,carbs/sugar,medium calories,normal,Right,8,6.5,average,10,below,violet,motored,100,185,about average,above average,classical,introvert,2021-09-27 16:02:19,2021,6,FALSE,TRUE,TRUE,FALSE,FALSE,6,31449611,8,10
281,9/27/2021 15:02:34,172,Female,true Brown,2 (21 yo),Left,Jul,Omnivore,carbs/prot/balanced,high calories,very healthy,Left,8,6.5,wealthy,120,above,blue,motored,0,193,about average,above average,electro / pop,extravert,2021-09-27 16:02:34,2021,2,FALSE,TRUE,FALSE,TRUE,TRUE,2,31449626,7,9
282,9/27/2021 15:02:47,163,Female,true Blonde,1 (20 years old or below),Left,Mar,Omnivore,carbs,medium calories,normal,Right,7,5,average,50,above,blue,foot,0,185,about average,above average,electro / pop,introvert,2021-09-27 16:02:47,2021,1,FALSE,TRUE,FALSE,FALSE,FALSE,1,31449639,3,5
283,9/27/2021 15:04:15,172,Female,true Brown,3 (22 yo),Right,Apr,Omnivore,carbs/prot,medium calories,normal,Centre,9,7,low income,70,above,violet,foot,100,180,above average,about average,classical,introvert,2021-09-27 16:04:15,2021,3,FALSE,TRUE,FALSE,TRUE,FALSE,3,31449727,4,6
284,9/27/2021 15:09:24,168,Female,true Brown,1 (20 years old or below),Right,Jun,Omnivore,balanced,high calories,normal,Centre,8,6,average,120,below,violet,foot,100,170,about average,about average,classical,introvert,2021-09-27 16:09:24,2021,1,FALSE,FALSE,FALSE,FALSE,TRUE,1,31450036,6,8
285,9/27/2021 15:11:34,165,NotSaying,true Black,1 (20 years old or below),Left,Aug,Omnivore,balanced,high calories,normal,Left,9,4,wealthy,70,above,violet,motored,0,170,about average,about average,electro / pop,extravert,2021-09-27 16:11:34,2021,1,FALSE,FALSE,FALSE,FALSE,TRUE,1,31450166,8,10
286,9/27/2021 15:12:15,172,Female,true Brown,5 (24 yo),Left,Jul,Vegetarian,fat/carbs/sugar,high calories,not very healthy,Centre,8,6,average,70,below,yellow,foot,100,187.96,about average,about average,experimental,introvert,2021-09-27 16:12:15,2021,5,TRUE,TRUE,TRUE,FALSE,FALSE,5,31450207,7,9
287,9/27/2021 15:17:43,175,Female,true Brown,3 (22 yo),Right,Jan,Omnivore,balanced,medium calories,normal,Left,7,6,average,100,below,blue,foot,0,190,above average,about average,experimental,introvert,2021-09-27 16:17:43,2021,3,FALSE,FALSE,FALSE,FALSE,TRUE,3,31450535,1,3
288,9/27/2021 15:21:58,175,Male,true Brown,7 (26 yo or above),Right,Jul,Omnivore,fat/sugar,high calories,not very healthy,Centre,8,9.5,average,160,above,blue,foot,100,160,below average,above average,classical,introvert,2021-09-27 16:21:58,2021,7,TRUE,FALSE,TRUE,FALSE,FALSE,7,31450790,7,9
289,9/27/2021 15:24:29,158,Female,true Brown,3 (22 yo),Left,Jun,Vegetarian,balanced,medium calories,normal,Left,9,3.5,average,1e+08,below,indigo,foot,66,187,below average,about average,experimental,introvert,2021-09-27 16:24:29,2021,3,FALSE,FALSE,FALSE,FALSE,TRUE,3,31450941,6,8
290,9/27/2021 15:28:42,177,Female,true Blonde,2 (21 yo),Right,Mar,Vegetarian,balanced,medium calories,normal,Centre,8,5,wealthy,100,above,blue,foot,50,196,above average,above average,experimental,extravert,2021-09-27 16:28:42,2021,2,FALSE,FALSE,FALSE,FALSE,TRUE,2,31451194,3,5
291,9/27/2021 15:29:54,173,Female,true Brown,1 (20 years old or below),Right,Mar,Omnivore,balanced,medium calories,normal,Centre,8,6,average,1,below,violet,motored,50,185,about average,about average,classical,introvert,2021-09-27 16:29:54,2021,1,FALSE,FALSE,FALSE,FALSE,TRUE,1,31451266,3,5
292,9/27/2021 15:41:59,170,Male,true Brown,2 (21 yo),Left,Apr,Omnivore,balanced,medium calories,not very healthy,Left,8,8,low income,1,above,red,foot,0,172,below average,about average,classical,introvert,2021-09-27 16:41:59,2021,2,FALSE,FALSE,FALSE,FALSE,TRUE,2,31451991,4,6
293,9/27/2021 15:46:00,185,Male,true Brown,3 (22 yo),Left,Mar,Omnivore,balanced,medium calories,very healthy,Centre,8,10.5,wealthy,100,above,yellow,non-motored wheels,100,178,above average,above average,Afrobeat,introvert,2021-09-27 16:46:00,2021,3,FALSE,FALSE,FALSE,FALSE,TRUE,3,31452232,3,5
294,9/27/2021 15:48:05,167,Female,true Brown,1 (20 years old or below),Right,Jul,Omnivore,balanced,medium calories,normal,Right,9,7.5,average,150,below,yellow,foot,100,175,above average,about average,experimental,introvert,2021-09-27 16:48:05,2021,1,FALSE,FALSE,FALSE,FALSE,TRUE,1,31452357,7,9
295,9/27/2021 15:57:17,159,Female,true Brown,2 (21 yo),Left,Oct,Omnivore,balanced,high calories,normal,Left,7,4,wealthy,100,below,red,non-motored wheels,100,180,about average,below average,experimental,introvert,2021-09-27 16:57:17,2021,2,FALSE,FALSE,FALSE,FALSE,TRUE,2,31452909,10,12
296,9/27/2021 17:11:51,169,Female,true Brown,1 (20 years old or below),Left,Apr,Vegetarian,sugar/balanced,medium calories,normal,Right,9,5,average,100,above,green,foot,0,178,above average,below average,experimental,introvert,2021-09-27 18:11:51,2021,1,FALSE,FALSE,TRUE,FALSE,TRUE,1,31457383,4,6
297,9/27/2021 17:12:16,175,Female,true Brown,2 (21 yo),Left,Aug,Vegetarian,balanced,medium calories,normal,Left,8,5,low income,132,below,green,foot,85,180,about average,about average,experimental,introvert,2021-09-27 18:12:16,2021,2,FALSE,FALSE,FALSE,FALSE,TRUE,2,31457408,8,10
298,9/27/2021 17:46:43,158,Female,true Black,1 (20 years old or below),Right,Oct,Omnivore,balanced,high calories,very healthy,Right,9,5,average,100,below,red,foot,0,168,about average,about average,experimental,introvert,2021-09-27 18:46:43,2021,1,FALSE,FALSE,FALSE,FALSE,TRUE,1,31459475,10,12
